time,OV39.forces.x,OV39.forces.y,OV39.forces.z
0,0.98046875,0.140625,0.01953125
20,0.984375,0.12109375,0.015625
40,0.9921875,0.09765625,0.0234375
60,1,0.1015625,0.01953125
80,0.9921875,0.12109375,0.0234375
102,0.984375,0.125,0.015625
121,0.984375,0.125,0.015625
140,0.98046875,0.10546875,0.0078125
160,0.98046875,0.10546875,0.0078125
181,0.98046875,0.11328125,0.01953125
200,0.98046875,0.11328125,0.01953125
220,0.9765625,0.11328125,0.015625
240,0.99609375,0.09765625,0.0234375
260,0.99609375,0.1015625,0.02734375
280,0.9921875,0.11328125,0.0234375
300,0.98828125,0.12109375,0.015625
320,0.98046875,0.12109375,0.0078125
340,0.984375,0.1171875,0.0078125
360,0.984375,0.11328125,0.0078125
380,0.984375,0.1328125,0.0078125
400,0.98828125,0.13671875,0.01171875
420,0.984375,0.11328125,0.0078125
441,0.984375,0.09765625,0.0078125
461,0.98828125,0.09375,0.0078125
481,0.98828125,0.1015625,0.015625
500,0.98828125,0.109375,0.01953125
520,0.984375,0.10546875,0.01953125
540,0.9921875,0.10546875,0.02734375
560,0.9921875,0.10546875,0.03515625
581,0.9921875,0.1015625,0.03515625
600,0.984375,0.1015625,0.02734375
622,0.98046875,0.08984375,0.0234375
640,0.98046875,0.078125,0.01953125
660,0.9765625,0.0859375,0.015625
681,0.97265625,0.09375,0.01953125
700,0.9765625,0.09375,0.01953125
721,0.9765625,0.109375,0.015625
740,0.9765625,0.1171875,0.0234375
760,0.98828125,0.1171875,0.02734375
781,0.9921875,0.1171875,0.03125
800,1,0.11328125,0.03125
822,1,0.10546875,0.01953125
841,0.99609375,0.1171875,0.01171875
861,1.00390625,0.12890625,0.015625
881,1.0078125,0.1171875,0.02734375
901,1.0078125,0.09375,0.03125
920,1,0.08203125,0.03125
940,0.984375,0.08203125,0.0234375
961,0.97265625,0.08203125,0.015625
982,0.9765625,0.08203125,0.015625
1000,0.984375,0.08203125,0.01171875
1020,1.03125,0.0390625,0
1041,1.015625,-0.0390625,0.01953125
1061,0.85546875,-0.359375,-0.0234375
1081,0.7265625,-0.64453125,0.0234375
1102,0.38671875,-0.58984375,-0.09765625
1120,-0.12890625,0.26953125,-0.3515625
1140,-0.40625,1.515625,-0.16796875
1160,-0.53515625,2.17578125,-0.25390625
1182,-0.16796875,1.1484375,-0.04296875
1201,-0.06640625,0.6953125,0.04296875
1222,-0.203125,1.1796875,-0.2265625
1241,-0.27734375,1.33984375,-0.1015625
1260,-0.32421875,1.2578125,-0.13671875
1282,-0.32421875,1.2578125,-0.13671875
1301,-0.1328125,1.140625,-0.15234375
1323,-0.12109375,1.2109375,-0.0546875
1343,-0.13671875,1.390625,-0.05078125
1361,-0.03125,1.46875,-0.08203125
1382,0.05859375,1.31640625,-0.046875
1400,0.1875,1.0390625,-0.0625
1420,0.2109375,0.6015625,-0.140625
1440,0.30078125,0.24609375,-0.1640625
1461,0.609375,-0.2109375,-0.01953125
1480,0.765625,-0.55078125,-0.06640625
1503,0.8203125,-0.6640625,-0.05078125
1520,1.04296875,-0.57421875,0.18359375
1540,1.1015625,-0.46875,0.265625
1560,0.98828125,-0.3203125,0.234375
1581,0.95703125,-0.14453125,0.2265625
1603,0.92578125,-0.05859375,0.17578125
1624,0.9296875,-0.00390625,0.1171875
1640,0.96484375,0.06640625,0.10546875
1663,0.953125,0.12109375,0.12109375
1682,0.94140625,0.1171875,0.12890625
1700,0.9453125,0.07421875,0.12109375
1720,0.9609375,0.015625,0.11328125
1741,0.9765625,-0.0234375,0.09375
1760,0.99609375,0.00390625,0.11328125
1782,1.00390625,0.0546875,0.13671875
1800,0.99609375,0.07421875,0.13671875
1822,1.00390625,0.0546875,0.12109375
1841,1.015625,0.03125,0.10546875
1860,1.0234375,0.04296875,0.1171875
1882,1.0234375,0.08203125,0.140625
1900,1.0234375,0.08203125,0.140625
1920,1.01171875,0.0859375,0.125
1941,1.01171875,0.0625,0.11328125
1961,1.01171875,0.0625,0.11328125
1980,1,0.05078125,0.109375
2001,0.98828125,0.05859375,0.11328125
2020,0.98828125,0.0546875,0.1171875
2040,0.9921875,0.03515625,0.1171875
2060,0.98828125,0.0390625,0.12890625
2080,0.9921875,0.04296875,0.12890625
2100,0.9921875,0.0546875,0.12890625
2120,0.9921875,0.05859375,0.125
2140,0.98828125,0.0546875,0.12109375
2160,0.99609375,0.04296875,0.1328125
2180,1.00390625,0.01953125,0.13671875
2200,1.03515625,0.01953125,0.15625
2220,1.12890625,-0.00390625,0.2109375
2241,1.12109375,-0.2265625,0.28125
2261,1.01953125,-0.52734375,0.1875
2280,0.79296875,-0.62109375,0.03515625
2300,0.5,-0.65625,-0.02734375
2320,-0.26953125,-0.015625,-0.30078125
2340,-0.63671875,1.15625,-0.25390625
2361,-0.6640625,2.0546875,0.03515625
2380,-0.53515625,1.6796875,0.1796875
2401,-0.03125,0.953125,0.17578125
2420,-0.296875,1.1171875,-0.25390625
2441,-0.33984375,1.22265625,-0.21484375
2460,-0.1953125,1.06640625,-0.171875
2480,-0.21484375,0.9609375,-0.234375
2500,-0.1796875,0.92578125,-0.23828125
2520,-0.1171875,0.96875,-0.1640625
2540,-0.12109375,1.0703125,-0.10546875
2561,-0.1796875,1.1640625,-0.1015625
2582,-0.21875,1.29296875,-0.046875
2600,-0.015625,1.421875,0.125
2622,0.0703125,1.25390625,0.15625
2640,0.24609375,1.015625,0.1015625
2662,0.25390625,0.69140625,0.00390625
2681,0.34375,0.3671875,-0.08203125
2700,0.53125,0.03125,-0.09375
2722,0.734375,-0.3046875,-0.02734375
2742,0.8671875,-0.46484375,0.015625
2760,0.91796875,-0.55859375,0.1015625
2781,1.0859375,-0.60546875,0.2421875
2800,1.15625,-0.640625,0.24609375
2820,1.015625,-0.5234375,0.15625
2840,0.94921875,-0.33203125,0.1015625
2860,0.953125,-0.17578125,0.140625
2882,0.98828125,-0.1328125,0.1953125
2900,1.03125,-0.19140625,0.19921875
2921,0.9921875,-0.23046875,0.12890625
2940,0.91796875,-0.1875,0.04296875
2960,0.89453125,-0.09375,0.03515625
2982,0.9296875,-0.01171875,0.08203125
3002,0.97265625,-0.0078125,0.1171875
3020,0.99609375,-0.0234375,0.11328125
3040,0.98046875,0.00390625,0.0859375
3060,0.9765625,0.046875,0.08984375
3080,0.98828125,0.0625,0.11328125
3100,1.00390625,0.0625,0.125
3120,1.015625,0.0546875,0.1171875
3140,1.00390625,0.046875,0.09765625
3160,1.00390625,0.046875,0.09765625
3182,1,0.0546875,0.109375
3200,0.99609375,0.06640625,0.1015625
3220,1,0.05859375,0.08984375
3241,0.98828125,0.05859375,0.078125
3260,0.98828125,0.07421875,0.078125
3280,0.98828125,0.08984375,0.08984375
3302,0.98828125,0.0859375,0.08984375
3320,0.98046875,0.08203125,0.078125
3340,0.98046875,0.07421875,0.078125
3360,0.98046875,0.08203125,0.08984375
3382,0.9921875,0.0859375,0.109375
3400,1.015625,0.0703125,0.125
3420,1.046875,0.02734375,0.1484375
3440,1.171875,-0.12890625,0.203125
3460,1.3671875,-0.3828125,0.33203125
3480,1.02734375,-0.73828125,0.265625
3502,0.05859375,-1.03125,-0.0390625
3520,-0.2421875,-0.38671875,-0.609375
3540,-0.390625,0.890625,-0.4921875
3561,-0.65625,2.32421875,0.1796875
3582,-0.04296875,0.86328125,0.046875
3600,-0.04296875,0.86328125,0.046875
3621,0.22265625,0.40234375,-0.0234375
3641,-0.0625,0.89453125,-0.19921875
3660,-0.16796875,1.125,-0.16796875
3682,-0.1796875,0.99609375,-0.140625
3700,-0.1796875,0.99609375,-0.140625
3720,-0.1015625,0.95703125,-0.11328125
3741,-0.01953125,1.10546875,-0.12890625
3760,-0.08203125,1.24609375,-0.06640625
3780,0.0859375,1.3671875,0.109375
3800,0.2265625,1.328125,0.171875
3820,0.328125,1.02734375,0.1796875
3840,0.34765625,0.640625,0.04296875
3860,0.44921875,0.33984375,-0.0546875
3880,0.5703125,-0.00390625,-0.125
3900,0.70703125,-0.32421875,-0.07421875
3921,0.81640625,-0.5234375,-0.015625
3941,1,-0.60546875,0.1484375
3960,1.1015625,-0.58203125,0.20703125
3981,1.05078125,-0.4375,0.17578125
4000,1.0078125,-0.28515625,0.171875
4020,1.00390625,-0.203125,0.1875
4040,1.03125,-0.1953125,0.203125
4060,1.04296875,-0.17578125,0.1796875
4081,0.97265625,-0.1171875,0.12890625
4100,0.94921875,-0.05859375,0.1015625
4120,0.94921875,-0.0234375,0.10546875
4141,0.9609375,-0.01171875,0.125
4160,0.96484375,-0.03125,0.13671875
4181,0.96484375,-0.05859375,0.12890625
4200,0.9609375,-0.04296875,0.109375
4221,0.97265625,-0.00390625,0.125
4240,0.99609375,0.0078125,0.1484375
4261,1.00390625,-0.01953125,0.1640625
4281,1.00390625,-0.03125,0.1484375
4301,0.984375,-0.00390625,0.125
4320,0.984375,0.0234375,0.1171875
4340,0.99609375,0.03125,0.13671875
4360,1.00390625,0.0234375,0.14453125
4381,1.01171875,0.01171875,0.14453125
4402,1.00390625,0,0.140625
4420,1,0.00390625,0.13671875
4440,1,0.00390625,0.13671875
4460,0.98828125,0.00390625,0.125
4482,0.98046875,0.01171875,0.11328125
4501,0.984375,0.0234375,0.1171875
4520,0.98828125,0.02734375,0.125
4541,0.99609375,0.03125,0.12890625
4560,0.9921875,0.03125,0.12890625
4581,0.984375,0.0390625,0.125
4601,0.98046875,0.04296875,0.12109375
4620,0.98046875,0.03515625,0.125
4640,1.0078125,0.01171875,0.140625
4660,1.0703125,0,0.19921875
4682,1.265625,-0.18359375,0.32421875
4700,1.2265625,-0.55859375,0.33984375
4720,0.81640625,-1.1328125,0.1953125
4741,0.49609375,-1.359375,0.0625
4760,-0.33984375,-0.8671875,-0.3203125
4780,-1.1015625,0.8515625,-0.4609375
4800,-1.0546875,2.91015625,0.5390625
4820,-0.84765625,2.734375,0.6015625
4840,-0.65625,1.35546875,0.19921875
4861,-0.2421875,0.7734375,-0.09765625
4882,-0.05078125,0.87109375,-0.171875
4900,-0.01171875,0.8203125,-0.28515625
4922,-0.0234375,0.7109375,-0.31640625
4941,-0.0234375,0.71875,-0.2421875
4960,-0.03515625,0.87890625,-0.1484375
4981,-0.0625,1.1015625,-0.125
5000,-0.03125,1.22265625,-0.046875
5020,0.1015625,1.30859375,0.0703125
5040,0.2265625,1.24609375,0.1640625
5060,0.37890625,1.2109375,0.15234375
5081,0.44140625,0.9296875,0.11328125
5100,0.44140625,0.9296875,0.11328125
5120,0.59765625,0.21875,0.03125
5142,0.7734375,-0.02734375,0.05859375
5160,0.90625,-0.16796875,0.03125
5182,0.84765625,-0.15625,-0.02734375
5201,0.84375,-0.1484375,-0.0078125
5220,0.9140625,-0.19140625,0.02734375
5241,0.98828125,-0.26953125,0.12109375
5260,1.10546875,-0.375,0.18359375
5282,1.046875,-0.37109375,0.125
5300,0.99609375,-0.30859375,0.08203125
5321,0.9921875,-0.203125,0.08203125
5341,0.98046875,-0.10546875,0.09375
5361,1,-0.04296875,0.1015625
5381,0.9921875,-0.03515625,0.0859375
5401,0.95703125,-0.015625,0.0390625
5420,0.9453125,0.015625,0.01171875
5440,0.94921875,0.02734375,0.0234375
5461,0.98046875,0.0078125,0.05859375
5481,0.9921875,0,0.05859375
5500,0.9921875,0,0.05859375
5520,0.98828125,0.078125,0.0546875
5540,1.00390625,0.09765625,0.07421875
5560,1.01953125,0.09375,0.09765625
5580,1.015625,0.1015625,0.08203125
5600,0.9765625,0.12890625,0.05078125
5620,0.97265625,0.15234375,0.05859375
5640,0.984375,0.14453125,0.0703125
5660,0.99609375,0.125,0.08203125
5680,0.9921875,0.09765625,0.0703125
5700,0.953125,0.10546875,0.0390625
5720,0.9609375,0.125,0.05859375
5740,0.9921875,0.125,0.0859375
5761,1,0.10546875,0.09375
5781,1.0234375,0.0859375,0.09765625
5800,0.9921875,0.09765625,0.07421875
5820,0.98046875,0.11328125,0.07421875
5841,1.00390625,0.10546875,0.09375
5860,1.04296875,0.08203125,0.12109375
5880,1.1953125,0.0390625,0.2265625
5900,1.3984375,-0.24609375,0.35546875
5921,1.18359375,-0.6328125,0.31640625
5941,0.8203125,-1.078125,0.234375
5960,0.21484375,-1.390625,0.1484375
5981,-1.3046875,0.02734375,-0.74609375
6000,-1.296875,1.9609375,-0.2265625
6020,-1.0546875,3.44921875,0.51953125
6041,-0.75,1.6171875,0.41015625
6060,-0.16796875,0.015625,-0.2578125
6082,-0.00390625,0.37109375,-0.55078125
6100,-0.05078125,0.9140625,-0.265625
6120,-0.03515625,1.015625,-0.1640625
6141,-0.046875,0.8515625,-0.00390625
6162,-0.11328125,0.90625,-0.171875
6180,-0.14453125,1.10546875,-0.1015625
6200,-0.2109375,1.2734375,-0.140625
6221,-0.30078125,1.2734375,-0.1796875
6240,-0.32421875,1.29296875,-0.0390625
6260,-0.10546875,1.39453125,0.109375
6282,0.0625,1.38671875,0.16796875
6301,0.21484375,1.0546875,0.12109375
6320,0.2109375,0.63671875,0.07421875
6341,0.18359375,0.31640625,-0.13671875
6361,0.4375,-0.1484375,-0.046875
6380,0.69921875,-0.49609375,-0.04296875
6400,0.7265625,-0.5546875,-0.0703125
6421,0.80859375,-0.578125,-0.00390625
6440,1.0703125,-0.62109375,0.22265625
6460,1.1796875,-0.625,0.3046875
6482,1.05078125,-0.52734375,0.20703125
6501,0.9609375,-0.3671875,0.140625
6520,0.96875,-0.21875,0.12109375
6540,0.98046875,-0.1171875,0.11328125
6561,1,-0.0546875,0.125
6581,1.015625,-0.0078125,0.12890625
6602,0.9921875,0.046875,0.1015625
6621,0.96875,0.1015625,0.06640625
6641,0.9765625,0.12109375,0.078125
6660,0.984375,0.109375,0.09765625
6682,1,0.09375,0.1015625
6700,0.99609375,0.09765625,0.09375
6720,0.9921875,0.1015625,0.09375
6740,1,0.1015625,0.1015625
6761,1,0.1015625,0.1171875
6781,1,0.08984375,0.11328125
6800,0.98828125,0.08984375,0.09375
6820,0.96875,0.11328125,0.078125
6840,0.97265625,0.125,0.0859375
6861,0.96875,0.12109375,0.08203125
6882,0.96875,0.09375,0.0703125
6900,0.96484375,0.078125,0.06640625
6920,0.953125,0.09765625,0.06640625
6941,0.96875,0.125,0.09375
6961,0.96875,0.125,0.09375
6980,0.99609375,0.11328125,0.10546875
7001,1.00390625,0.09765625,0.09765625
7020,0.984375,0.1015625,0.0859375
7040,0.98046875,0.109375,0.08984375
7061,0.99609375,0.1015625,0.1015625
7082,1.00390625,0.08984375,0.1015625
7100,0.99609375,0.09375,0.09375
7120,0.98828125,0.1171875,0.08984375
7141,0.9921875,0.12890625,0.09765625
7161,1.00390625,0.09765625,0.1015625
7181,1.00390625,0.09765625,0.1015625
7200,1.00390625,0.0703125,0.09765625
7221,0.98046875,0.078125,0.08203125
7240,0.98828125,0.09375,0.09375
7260,0.98828125,0.10546875,0.09765625
7280,0.984375,0.1015625,0.09375
7300,0.98046875,0.09765625,0.08203125
7320,0.96875,0.1015625,0.08203125
7340,0.984375,0.10546875,0.09765625
7360,1.01171875,0.1015625,0.125
7380,1.14453125,-0.0859375,0.19921875
7400,1.35546875,-0.91015625,0.43359375
7421,0.3828125,-1.46875,0.0234375
7440,-0.28515625,-0.85546875,-0.63671875
7461,-0.1953125,0.8359375,-0.3984375
7481,-0.65234375,2.7578125,0.5078125
7500,-0.7890625,2.40234375,0.58203125
7521,-0.27734375,1.12109375,-0.078125
7541,0.0078125,0.68359375,0.0390625
7561,-0.03125,1.03125,-0.03125
7581,-0.07421875,1.02734375,-0.1015625
7601,-0.09375,0.89453125,-0.1640625
7621,-0.15625,0.890625,-0.234375
7640,-0.08984375,0.95703125,-0.14453125
7661,-0.05859375,1.109375,-0.05078125
7681,-0.046875,1.3984375,-0.04296875
7701,0.0703125,1.48828125,0.06640625
7721,0.1796875,1.28515625,0.09375
7741,0.27734375,0.88671875,0.078125
7762,0.32421875,0.4921875,-0.02734375
7781,0.359375,0.1875,-0.16015625
7800,0.4765625,-0.16015625,-0.2109375
7821,0.6875,-0.3671875,-0.07421875
7840,1.03515625,-0.515625,0.2109375
7861,1.1484375,-0.58203125,0.26953125
7882,0.9765625,-0.55078125,0.12109375
7900,0.9609375,-0.46484375,0.1171875
7921,0.9921875,-0.33984375,0.1640625
7941,1.0078125,-0.234375,0.1640625
7962,1.0234375,-0.1640625,0.16015625
7981,1.0078125,-0.1015625,0.12890625
8000,1,-0.06640625,0.125
8020,0.99609375,-0.0625,0.1328125
8041,0.98046875,-0.0859375,0.109375
8060,0.98828125,-0.078125,0.08984375
8082,0.96875,-0.0390625,0.07421875
8100,0.98828125,-0.01171875,0.09375
8121,1,-0.0078125,0.11328125
8141,0.99609375,-0.03125,0.1171875
8160,0.98828125,-0.0625,0.09765625
8180,0.97265625,-0.0390625,0.06640625
8201,0.97265625,0.01171875,0.07421875
8220,1,0.04296875,0.1171875
8241,1.01171875,0.0390625,0.13671875
8260,1.02734375,0.0234375,0.1171875
8282,0.99609375,0.04296875,0.08203125
8301,0.953125,0.0859375,0.0625
8320,0.96484375,0.09765625,0.08203125
8340,0.98828125,0.07421875,0.10546875
8361,1.00390625,0.02734375,0.109375
8380,1,-0.00390625,0.0859375
8400,0.96875,0.02734375,0.0625
8421,0.98046875,0.05078125,0.08203125
8441,1.00390625,0.05859375,0.109375
8460,1.00390625,0.05078125,0.1015625
8482,0.99609375,0.0390625,0.0859375
8500,0.98046875,0.046875,0.08203125
8520,0.984375,0.05859375,0.08984375
8540,0.9921875,0.07421875,0.10546875
8561,1.00390625,0.07421875,0.109375
8581,1.0078125,0.06640625,0.109375
8600,0.99609375,0.06640625,0.09765625
8620,0.98828125,0.06640625,0.08984375
8641,0.98828125,0.0625,0.08984375
8660,0.98828125,0.05078125,0.09375
8682,0.9921875,0.03515625,0.09375
8700,0.9921875,0.0390625,0.09375
8721,0.98828125,0.05859375,0.0859375
8740,0.98828125,0.07421875,0.09375
8761,1,0.0625,0.10546875
8780,1.01171875,0.0390625,0.10546875
8803,1,0.03515625,0.09375
8820,1,0.03515625,0.09375
8841,0.9921875,0.04296875,0.08984375
8861,0.99609375,0.03515625,0.08984375
8882,1.0546875,-0.03125,0.1484375
8900,1.0546875,-0.03125,0.1484375
8920,1.33984375,-0.31640625,0.30859375
8940,0.75,-1.08984375,0.14453125
8960,0.12109375,-1.00390625,-0.16015625
8980,-0.70703125,0.02734375,-0.51171875
9000,-0.93359375,1.85546875,-0.203125
9020,-0.796875,2.91015625,0.43359375
9040,-0.6328125,1.8203125,0.20703125
9060,-0.25,0.51171875,-0.171875
9080,-0.078125,0.46484375,-0.3046875
9100,-0.07421875,1.0078125,-0.1796875
9120,-0.12109375,1.2265625,-0.1640625
9141,-0.26953125,1.19921875,-0.11328125
9161,-0.3203125,1.390625,-0.0703125
9181,-0.19140625,1.46484375,0.01171875
9200,0.078125,1.3125,0.1484375
9221,0.21484375,0.86328125,0.10546875
9240,0.25390625,0.5,-0.1015625
9261,0.37890625,0.18359375,-0.125
9281,0.59765625,-0.21875,-0.0390625
9301,0.85546875,-0.48046875,0.03125
9321,0.9609375,-0.58203125,0.0703125
9341,1.04296875,-0.59375,0.11328125
9360,1.07421875,-0.48046875,0.1484375
9381,1.046875,-0.31640625,0.17578125
9401,1.02734375,-0.19921875,0.16796875
9421,1.03125,-0.1015625,0.1484375
9441,1.02734375,0.00390625,0.1328125
9460,1,0.03515625,0.046875
9482,0.9765625,0.1015625,0.06640625
9500,0.94921875,0.125,0.05859375
9521,0.95703125,0.1640625,0.0625
9541,0.953125,0.17578125,0.0546875
9561,0.95703125,0.16796875,0.0546875
9581,0.9765625,0.14453125,0.0703125
9600,0.99609375,0.1328125,0.09375
9621,1.0078125,0.1328125,0.09375
9640,1.01171875,0.13671875,0.08984375
9660,1,0.15625,0.08203125
9681,0.984375,0.1796875,0.07421875
9701,0.96875,0.19140625,0.0625
9721,0.96484375,0.19140625,0.05078125
9742,0.96875,0.19140625,0.05078125
9760,0.98046875,0.1875,0.05859375
9780,0.98828125,0.1796875,0.05859375
9801,0.984375,0.17578125,0.05859375
9820,0.98046875,0.171875,0.0546875
9840,0.9765625,0.171875,0.04296875
9860,0.97265625,0.17578125,0.04296875
9882,0.98046875,0.171875,0.05078125
9901,0.98828125,0.16796875,0.0546875
9921,0.984375,0.171875,0.0546875
9940,0.9765625,0.17578125,0.046875
9961,0.9765625,0.17578125,0.05078125
9981,0.98828125,0.171875,0.0625
10001,1,0.16796875,0.0703125
10021,0.99609375,0.15625,0.0703125
10040,0.98046875,0.15625,0.0546875
10060,0.96484375,0.16796875,0.05078125
10082,0.9765625,0.171875,0.05859375
10101,0.98828125,0.16015625,0.0703125
10121,0.98828125,0.15234375,0.0703125
10142,0.98046875,0.15625,0.05859375
10160,0.97265625,0.1640625,0.05078125
10181,0.97265625,0.16015625,0.0546875
10200,0.98046875,0.1484375,0.0546875
10221,0.96875,0.14453125,0.05078125
10241,0.96875,0.14453125,0.046875
10260,0.953125,0.140625,0.04296875
10282,0.91015625,0.08984375,0.01171875
10301,1.02734375,-0.0703125,0.1015625
10321,1.10546875,-0.40234375,0.26953125
10341,0.8046875,-0.68359375,0.14453125
10360,0.25,-0.79296875,-0.10546875
10381,-0.12109375,0.11328125,-0.3671875
10401,-0.41796875,1.609375,0.01953125
10420,-0.5625,2.56640625,0.44921875
10441,-0.49609375,1.75,0.09375
10461,0.05859375,0.609375,0.07421875
10482,0.01171875,0.73046875,-0.06640625
10500,-0.25,1.27734375,-0.03515625
10521,-0.36328125,1.44140625,-0.0625
10541,-0.40234375,1.2890625,-0.125
10561,-0.2890625,1.0078125,-0.0859375
10580,-0.16796875,0.921875,-0.140625
10601,-0.078125,1.0234375,-0.2109375
10621,0.03515625,1.13671875,-0.265625
10641,0.2109375,1,-0.0703125
10661,0.39453125,1.05859375,0.0625
10680,0.56640625,1.19140625,0.11328125
10700,0.56640625,1.19140625,0.11328125
10720,0.62109375,0.80078125,0.1640625
10740,0.59375,0.421875,0.2109375
10760,0.69921875,0.0234375,0.19921875
10780,0.953125,-0.22265625,0.2421875
10800,1.07421875,-0.25,0.265625
10820,0.953125,-0.07421875,0.16015625
10841,0.8359375,0.015625,0.1328125
10860,0.78125,-0.03125,0.13671875
10880,0.8203125,-0.02734375,0.21484375
10901,0.859375,0.07421875,0.28515625
10921,0.83984375,0.21875,0.32421875
10941,0.8046875,0.30859375,0.3671875
10961,0.8125,0.3203125,0.421875
10981,0.8984375,0.3359375,0.4375
11000,0.9375,0.3671875,0.453125
11021,0.875,0.359375,0.40625
11041,0.84765625,0.3046875,0.3515625
11060,0.88671875,0.22265625,0.328125
11080,0.9375,0.1640625,0.3046875
11100,0.91796875,0.14453125,0.26171875
11121,0.8984375,0.13671875,0.22265625
11141,0.91796875,0.125,0.203125
11161,0.97265625,0.12109375,0.2265625
11180,1,0.1015625,0.22265625
11200,0.99609375,0.07421875,0.203125
11221,0.98828125,0.0546875,0.17578125
11240,0.98828125,0.046875,0.16796875
11261,1.01171875,0.04296875,0.1875
11280,1.02734375,0.04296875,0.203125
11300,1.0078125,0.0625,0.1875
11322,0.9921875,0.09375,0.1796875
11341,0.99609375,0.12109375,0.17578125
11361,1,0.1171875,0.18359375
11381,1.00390625,0.10546875,0.19140625
11402,1.0078125,0.10546875,0.1953125
11421,0.99609375,0.125,0.19140625
11441,0.98828125,0.14453125,0.1875
11461,0.9921875,0.16015625,0.1953125
11482,0.9921875,0.16015625,0.19921875
11500,0.984375,0.16015625,0.1875
11521,0.96484375,0.15234375,0.171875
11541,0.95703125,0.1484375,0.15234375
11561,0.96484375,0.16015625,0.15234375
11580,0.9609375,0.1640625,0.15234375
11603,0.96875,0.1484375,0.16015625
11620,0.9609375,0.13671875,0.14453125
11640,0.95703125,0.1484375,0.13671875
11661,0.96484375,0.1484375,0.14453125
11682,0.96484375,0.14453125,0.14453125
11700,0.97265625,0.13671875,0.15234375
11722,0.98046875,0.1328125,0.16015625
11740,0.97265625,0.13671875,0.15625
11760,0.96484375,0.15234375,0.15234375
11781,0.96875,0.1640625,0.15625
11803,0.97265625,0.16796875,0.16015625
11820,0.98046875,0.1640625,0.1640625
11840,0.98046875,0.1640625,0.171875
11861,0.98046875,0.1640625,0.16796875
11882,0.9765625,0.1640625,0.1640625
11900,0.9765625,0.1640625,0.16796875
11921,0.97265625,0.1640625,0.171875
11941,0.98046875,0.1640625,0.1796875
11960,0.984375,0.16015625,0.17578125
11981,0.97265625,0.16015625,0.171875
12000,0.96875,0.15234375,0.16796875
12020,0.96875,0.1484375,0.171875
12041,0.97265625,0.15234375,0.171875
12060,0.96484375,0.1484375,0.171875
12082,0.9609375,0.14453125,0.16796875
12101,0.9609375,0.14453125,0.16796875
12121,0.94921875,0.16015625,0.1484375
12141,0.9765625,0.02734375,0.11328125
12161,0.96875,-0.51953125,0.203125
12180,0.9921875,-0.73046875,0.27734375
12202,0.84765625,-0.0546875,0.4140625
12220,0.33984375,0.98828125,0.5625
12240,-0.16015625,1.84375,0.50390625
12261,-0.7421875,1.58203125,0.25
12280,-0.29296875,0.7265625,-0.02734375
12300,-0.2109375,0.265625,-0.4296875
12321,-0.34375,0.41796875,-0.64453125
12341,-0.30078125,0.93359375,-0.5234375
12360,-0.08984375,1.3359375,-0.29296875
12380,0.078125,1.42578125,-0.03515625
12400,-0.1015625,1.453125,0.0390625
12420,-0.1015625,1.453125,0.0390625
12440,-0.17578125,1.5078125,-0.03125
12460,-0.1015625,1.36328125,-0.05859375
12480,0.0078125,1.25,-0.0078125
12500,0.1953125,1.18359375,0.05078125
12520,0.3359375,1.15234375,0.03125
12540,0.4296875,1.109375,0.046875
12560,0.23046875,0.734375,-0.06640625
12581,0.23046875,0.734375,-0.06640625
12600,-0.0859375,-0.2265625,-0.29296875
12620,0.11328125,-0.4765625,-0.3671875
12640,0.4375,-0.7109375,-0.16015625
12661,0.90234375,-0.9296875,0.22265625
12680,1.078125,-1.0625,0.3359375
12701,0.91015625,-0.953125,0.12109375
12721,0.76953125,-0.7421875,0.06640625
12741,0.80078125,-0.58984375,0.078125
12761,0.84765625,-0.5234375,0.09375
12781,0.88671875,-0.4765625,0.09375
12801,0.91015625,-0.46875,0.09765625
12820,0.87890625,-0.4296875,0.0625
12840,0.8359375,-0.30859375,0.01953125
12861,0.84375,-0.16796875,0.00390625
12880,0.89453125,-0.109375,0.0390625
12900,0.96875,-0.15625,0.0859375
12921,0.99609375,-0.19140625,0.09765625
12941,0.96875,-0.109375,0.05859375
12961,0.95703125,0.0234375,0.046875
12981,1,0.078125,0.09375
13002,1.0703125,0.06640625,0.1484375
13020,1.09765625,0.0390625,0.1875
13040,1.05859375,0.04296875,0.1484375
13061,1.00390625,0.06640625,0.09765625
13080,1.015625,0.046875,0.1015625
13100,1.03125,-0.01171875,0.11328125
13122,1.03125,-0.0625,0.12109375
13141,1.01171875,-0.0859375,0.1015625
13161,0.9765625,-0.0703125,0.08203125
13180,0.96484375,-0.03125,0.0703125
13201,0.9765625,-0.00390625,0.09375
13221,0.98828125,-0.01171875,0.11328125
13240,0.984375,-0.0390625,0.109375
13261,0.9765625,-0.03125,0.09375
13282,0.9609375,-0.01171875,0.0859375
13300,0.984375,-0.0078125,0.09375
13322,1.00390625,-0.01171875,0.08203125
13341,1.01171875,-0.015625,0.03125
13360,1.04296875,-0.02734375,-0.0390625
13381,1.08984375,-0.05078125,-0.09375
13403,1.1328125,-0.0625,-0.12109375
13421,1.1640625,-0.07421875,-0.140625
13440,1.14453125,-0.10546875,-0.203125
13461,1.09765625,-0.1328125,-0.26953125
13482,1.02734375,-0.13671875,-0.30859375
13500,0.953125,-0.125,-0.29296875
13521,0.8828125,-0.07421875,-0.22265625
13540,0.91015625,0.0390625,-0.0546875
13561,0.93359375,0.07421875,0.03515625
13580,0.8515625,0.03125,0.10546875
13603,0.7734375,0.078125,0.16796875
13621,0.734375,0.17578125,0.296875
13641,0.78515625,0.23046875,0.4453125
13660,0.890625,0.2265625,0.5859375
13682,0.95703125,0.19921875,0.6484375
13700,0.8984375,0.2421875,0.625
13722,0.86328125,0.2890625,0.59375
13741,0.89453125,0.26171875,0.56640625
13761,0.921875,0.1875,0.546875
13780,0.93359375,0.13671875,0.515625
13801,0.921875,0.10546875,0.4765625
13821,0.94140625,0.046875,0.4375
13840,0.95703125,-0.0546875,0.3984375
13860,0.9765625,-0.15625,0.34765625
13882,1.08203125,-0.30078125,0.37109375
13901,1.39453125,-0.625,0.59375
13921,1.36328125,-1.2578125,0.7734375
13941,0.81640625,-1.3046875,0.58203125
13961,0.171875,-0.4921875,0
13980,-0.74609375,0.96875,-0.171875
14002,-1.140625,2.40234375,0.2890625
14022,-0.93359375,2.3828125,-0.21875
14040,-0.5625,1.27734375,-0.19921875
14060,0.11328125,0.4296875,-0.0078125
14081,0.33203125,0.5625,-0.046875
14100,0.33203125,0.5625,-0.046875
14121,-0.12890625,1.2265625,0.02734375
14140,-0.12890625,1.2265625,0.02734375
14160,-0.31640625,1.39453125,-0.04296875
14180,-0.0859375,1.29296875,0.1328125
14200,0.125,1.1875,0.296875
14220,0.2265625,1.2734375,0.30859375
14241,0.3203125,1.33203125,0.26171875
14260,0.33984375,1.2421875,0.234375
14280,0.39453125,1,0.15234375
14300,0.375,0.625,0.1015625
14320,0.29296875,0.20703125,0.12890625
14341,0.3046875,-0.109375,0.02734375
14361,0.42578125,-0.33984375,-0.01171875
14380,0.6015625,-0.63671875,0.10546875
14401,0.90234375,-0.91015625,0.26953125
14421,0.98046875,-0.96875,0.2734375
14440,0.83984375,-0.73828125,0.15625
14461,0.78125,-0.4609375,0.1484375
14482,0.78125,-0.4609375,0.1484375
14500,0.9296875,-0.33203125,0.265625
14520,0.9453125,-0.35546875,0.234375
14541,0.90234375,-0.25390625,0.1875
14561,0.86328125,-0.15625,0.13671875
14581,0.87890625,-0.14453125,0.12890625
14601,0.9375,-0.1953125,0.15234375
14621,0.96875,-0.25390625,0.1875
14641,0.96484375,-0.2578125,0.18359375
14661,0.9453125,-0.1953125,0.16015625
14680,0.953125,-0.12890625,0.15234375
14700,1.0078125,-0.11328125,0.19921875
14721,1.03125,-0.15625,0.2265625
14741,1.03515625,-0.1953125,0.234375
14761,1.00390625,-0.15234375,0.19921875
14780,0.9765625,-0.09375,0.171875
14800,1.00390625,-0.08203125,0.19921875
14820,1.02734375,-0.11328125,0.234375
14841,1.0234375,-0.15234375,0.234375
14860,0.99609375,-0.13671875,0.21875
14882,0.97265625,-0.05078125,0.17578125
14900,0.9765625,0.00390625,0.1796875
14922,0.9921875,0,0.203125
14941,0.99609375,-0.05078125,0.21484375
14961,0.99609375,-0.10546875,0.21484375
14980,0.98828125,-0.1328125,0.19921875
15000,0.96484375,-0.125,0.18359375
15021,0.98046875,-0.11328125,0.18359375
15041,0.99609375,-0.1015625,0.203125
15061,0.984375,-0.08984375,0.203125
15080,0.97265625,-0.05078125,0.203125
15100,0.96875,-0.05078125,0.1953125
15122,0.9765625,-0.0625,0.1875
15141,0.98046875,-0.0625,0.1953125
15161,0.984375,-0.06640625,0.19921875
15181,0.9765625,-0.078125,0.1953125
15203,0.98046875,-0.08984375,0.19921875
15221,0.984375,-0.09375,0.19140625
15240,0.984375,-0.0859375,0.18359375
15261,0.97265625,-0.08984375,0.18359375
15282,0.97265625,-0.08984375,0.1796875
15300,0.98046875,-0.078125,0.18359375
15321,0.99609375,-0.0546875,0.1953125
15341,1,-0.03515625,0.203125
15361,0.9921875,-0.05859375,0.1953125
15380,0.984375,-0.08984375,0.1875
15400,0.98046875,-0.1015625,0.18359375
15420,0.98828125,-0.08984375,0.19140625
15441,0.98046875,-0.08203125,0.1875
15460,0.97265625,-0.078125,0.18359375
15482,0.97265625,-0.078125,0.17578125
15500,0.9765625,-0.06640625,0.18359375
15522,0.98046875,-0.05859375,0.19140625
15541,0.98046875,-0.0703125,0.203125
15560,0.99609375,-0.08984375,0.203125
15580,1.0546875,-0.2578125,0.26953125
15602,1.20703125,-0.62890625,0.4921875
15621,0.89453125,-0.95703125,0.484375
15640,0.25390625,-0.97265625,0.03125
15661,-0.28125,0.62890625,-0.5703125
15682,-0.9765625,2.51953125,0.12890625
15700,-0.9765625,2.51953125,0.12890625
15721,0.53515625,0.2890625,0.26953125
15740,0.53515625,0.2890625,0.26953125
15760,0.296875,0.73828125,-0.1015625
15780,0.14453125,0.9140625,-0.12890625
15800,0.0078125,0.96484375,-0.09765625
15820,-0.125,1.02734375,-0.16796875
15840,-0.21484375,1.23828125,-0.14453125
15860,-0.05859375,1.45703125,0.05859375
15880,0.234375,1.4140625,0.19921875
15900,0.484375,1.17578125,0.19140625
15920,0.48828125,0.78515625,0.1953125
15941,0.48828125,0.34765625,0.12109375
15960,0.38671875,-0.03515625,-0.03515625
15981,0.421875,-0.35546875,-0.14453125
16001,0.70703125,-0.6953125,0.03515625
16021,1.02734375,-1.01171875,0.30859375
16040,1.09375,-1.046875,0.23046875
16060,0.91015625,-0.75390625,0.1015625
16081,0.80859375,-0.4140625,0.08984375
16100,0.85546875,-0.19140625,0.09375
16121,0.9453125,-0.109375,0.1328125
16141,0.953125,-0.08203125,0.140625
16161,0.8984375,-0.05078125,0.10546875
16180,0.875,0,0.0546875
16201,0.88671875,0.01171875,0.046875
16221,0.93359375,-0.04296875,0.078125
16240,0.99609375,-0.15234375,0.12109375
16261,0.99609375,-0.15234375,0.12109375
16281,0.98828125,-0.20703125,0.11328125
16301,0.9375,-0.10546875,0.07421875
16321,0.97265625,-0.01953125,0.11328125
16341,1.03515625,-0.02734375,0.1640625
16361,1.046875,-0.109375,0.17578125
16380,1.01171875,-0.1484375,0.14453125
16402,0.97265625,-0.15234375,0.10546875
16421,0.96875,-0.14453125,0.09375
16440,0.9921875,-0.14453125,0.125
16460,1.01171875,-0.15625,0.14453125
16482,1.01171875,-0.14453125,0.15625
16500,1.0078125,-0.12109375,0.15625
16521,0.99609375,-0.08984375,0.140625
16541,0.99609375,-0.0625,0.140625
16561,1.01171875,-0.0546875,0.15625
16580,1.00390625,-0.078125,0.1484375
16600,0.99609375,-0.08984375,0.1328125
16621,0.98828125,-0.09765625,0.125
16641,0.984375,-0.08984375,0.1171875
16660,0.9765625,-0.0546875,0.1171875
16682,0.97265625,-0.015625,0.11328125
16700,0.96875,-0.015625,0.11328125
16722,0.97265625,-0.04296875,0.12109375
16740,0.98828125,-0.06640625,0.12890625
16761,0.98046875,-0.046875,0.12890625
16780,0.984375,-0.015625,0.125
16800,0.984375,0,0.11328125
16821,0.98046875,-0.0078125,0.10546875
16840,0.984375,-0.01953125,0.1015625
16860,0.98046875,-0.02734375,0.10546875
16882,0.99609375,-0.03515625,0.12109375
16900,1,-0.02734375,0.125
16922,1,-0.0234375,0.125
16941,1,-0.0234375,0.11328125
16961,0.99609375,-0.03125,0.1171875
16980,1,-0.02734375,0.13671875
17002,1.00390625,-0.03125,0.12890625
17021,1,-0.03125,0.12109375
17040,1.00390625,-0.0234375,0.12109375
17060,1.04296875,-0.09375,0.13671875
17082,1.12109375,-0.39453125,0.29296875
17101,1.01171875,-0.65625,0.33203125
17121,0.6640625,-0.765625,0.0859375
17141,0.3125,-0.5703125,-0.27734375
17161,-0.3359375,0.9609375,-0.28515625
17180,-0.515625,2.6328125,0.44140625
17201,-0.65625,2.40625,0.078125
17221,-0.28125,1.04296875,-0.1796875
17240,0.29296875,0.2734375,0.1328125
17260,0.140625,0.53125,-0.03125
17282,-0.05078125,1.0390625,-0.234375
17300,0.01171875,1.02734375,-0.26171875
17322,0.0390625,0.828125,-0.20703125
17341,-0.05859375,0.84765625,-0.16015625
17361,-0.16796875,1.0390625,-0.17578125
17380,-0.2734375,1.37890625,-0.12109375
17400,-0.125,1.671875,0.06640625
17421,0.16796875,1.47265625,0.19140625
17441,0.484375,0.59375,0.08203125
17461,0.484375,0.27734375,0.01171875
17480,0.328125,0.0546875,-0.18359375
17500,0.4140625,-0.2421875,-0.14453125
17520,0.84765625,-0.5390625,0.203125
17540,1.265625,-0.7421875,0.484375
17560,1.10546875,-0.74609375,0.33203125
17580,0.84375,-0.546875,0.125
17600,0.8125,-0.2578125,0.09765625
17620,0.88671875,-0.03515625,0.171875
17640,0.9921875,0.03515625,0.25
17660,1.03515625,0.0390625,0.2578125
17681,0.9609375,0.0546875,0.171875
17700,0.90625,0.08984375,0.10546875
17721,0.9453125,0.06640625,0.1171875
17741,1,-0.0078125,0.16015625
17760,1.0390625,-0.09765625,0.21484375
17781,1.0234375,-0.125,0.16796875
17801,0.984375,-0.0703125,0.13671875
17821,0.984375,0.01171875,0.12890625
17840,1.01171875,0.0390625,0.1640625
17861,1.03515625,0.0234375,0.1953125
17881,1.03125,0,0.1875
17900,1.0078125,-0.01171875,0.1640625
17921,0.99609375,-0.0234375,0.15625
17940,1,-0.02734375,0.15625
17961,1,-0.015625,0.1640625
17981,0.99609375,0,0.15234375
18000,0.984375,0.01171875,0.13671875
18020,0.97265625,0.015625,0.12890625
18040,0.98828125,0.015625,0.140625
18060,1,0.01953125,0.15234375
18082,0.99609375,0.01171875,0.15234375
18100,0.98828125,0.00390625,0.13671875
18123,0.98828125,0.01171875,0.1328125
18141,0.99609375,0.0234375,0.14453125
18160,0.99609375,0.0234375,0.14453125
18180,0.9921875,0.0234375,0.14453125
18200,0.98828125,0.03125,0.1328125
18221,0.98046875,0.05078125,0.12109375
18240,0.9765625,0.06640625,0.125
18260,0.984375,0.0703125,0.1328125
18282,1.00390625,0.046875,0.1484375
18300,1.00390625,0.02734375,0.140625
18320,0.99609375,0.01953125,0.125
18340,0.99609375,0.01953125,0.125
18360,1,0.0234375,0.12890625
18381,1.00390625,0.02734375,0.1328125
18401,1,0.046875,0.140625
18421,1,0.03515625,0.13671875
18440,1,0.01171875,0.1328125
18460,0.9921875,-0.0078125,0.12890625
18482,0.9921875,-0.00390625,0.125
18500,0.99609375,0.01953125,0.12890625
18520,1,0.03515625,0.13671875
18540,1.0078125,0.03125,0.1484375
18561,1,0.0234375,0.140625
18580,0.9921875,0.02734375,0.12890625
18601,0.99609375,0.02734375,0.1328125
18621,0.99609375,0.01171875,0.1328125
18640,0.9921875,0,0.13671875
18660,0.99609375,0.0078125,0.140625
18682,0.984375,0.01953125,0.1328125
18700,0.984375,0.01953125,0.12890625
18721,0.98828125,0.0078125,0.12890625
18741,0.98828125,-0.00390625,0.12109375
18761,0.984375,0,0.125
18781,0.98828125,-0.0078125,0.1328125
18801,0.98046875,-0.015625,0.12890625
18820,0.9765625,-0.0234375,0.12109375
18840,0.98046875,-0.01171875,0.1328125
18861,1.015625,0.00390625,0.16015625
18882,1.14453125,-0.015625,0.2578125
18900,1.40234375,-0.359375,0.546875
18922,1.1796875,-1.0625,0.65625
18940,1.1328125,-1.63671875,0.48828125
18961,-0.34375,-1.02734375,-0.484375
18981,-1.28515625,0.953125,-0.5234375
19000,-1.3828125,2.51171875,0.484375
19020,-0.85546875,2.9609375,-0.19140625
19040,-0.5078125,1.55078125,-0.18359375
19060,0.171875,0.5546875,0.09375
19081,0.25,0.58203125,-0.234375
19100,0.25,0.58203125,-0.234375
19121,0.171875,1.38671875,-0.1171875
19140,0.171875,1.38671875,-0.1171875
19160,0.34375,1.05859375,0.1875
19180,0.34375,1.05859375,0.1875
19200,0.62890625,0.6328125,0.234375
19220,0.63671875,0.29296875,0.19140625
19240,0.61328125,-0.078125,0.12109375
19260,0.7109375,-0.421875,0.1640625
19280,0.91796875,-0.64453125,0.296875
19300,1.0703125,-0.77734375,0.36328125
19320,1.03515625,-0.75,0.2578125
19340,0.84765625,-0.5859375,0.1171875
19360,0.8203125,-0.37109375,0.12109375
19380,0.875,-0.2109375,0.171875
19400,0.93359375,-0.11328125,0.19140625
19421,0.96484375,-0.078125,0.19921875
19440,0.9296875,-0.08203125,0.14453125
19460,0.9296875,-0.11328125,0.109375
19481,0.94921875,-0.15625,0.13671875
19500,0.98828125,-0.1953125,0.171875
19521,1,-0.22265625,0.1640625
19540,0.98046875,-0.21484375,0.1328125
19560,0.96875,-0.19140625,0.109375
19581,0.96875,-0.15625,0.12109375
19601,0.98046875,-0.140625,0.13671875
19620,0.9921875,-0.12890625,0.140625
19641,0.98046875,-0.1171875,0.13671875
19660,0.96875,-0.09375,0.12890625
19682,0.9765625,-0.08203125,0.12890625
19700,0.9921875,-0.07421875,0.13671875
19721,0.99609375,-0.0625,0.1484375
19741,1,-0.046875,0.140625
19761,1,-0.0390625,0.1328125
19781,0.9921875,-0.01953125,0.12890625
19802,1,0.0078125,0.13671875
19821,1.0078125,0.00390625,0.1484375
19840,1.00390625,0.00390625,0.13671875
19861,0.9921875,0.015625,0.12109375
19881,0.984375,0.03125,0.11328125
19900,0.98828125,0.03125,0.12109375
19920,0.98828125,0.015625,0.12890625
19940,0.9921875,0.0078125,0.125
19960,0.98828125,0.015625,0.11328125
19981,0.984375,0.02734375,0.11328125
20000,0.984375,0.0234375,0.1171875
20021,0.98828125,0.0234375,0.12109375
20040,0.98828125,0.0234375,0.12109375
20060,0.98828125,0.0234375,0.12109375
20081,1,0.02734375,0.12890625
20100,0.98828125,0.015625,0.125
20120,0.98828125,0.015625,0.125
20140,0.99609375,0.0078125,0.12109375
20160,0.98828125,0.015625,0.1171875
20181,0.98828125,0.015625,0.1171875
20200,0.98828125,0.01171875,0.1171875
20221,0.9921875,0.00390625,0.1171875
20240,0.98828125,0,0.12109375
20261,0.99609375,-0.0078125,0.1328125
20280,1,0.00390625,0.12890625
20301,0.99609375,0.01953125,0.12890625
20320,0.9921875,0.02734375,0.12890625
20340,0.98828125,0.01953125,0.125
20360,0.98046875,0.01171875,0.12890625
20380,0.9921875,0,0.12890625
20401,1,0.0078125,0.14453125
20420,1.0390625,0.0390625,0.171875
20440,1.1953125,0.01171875,0.27734375
20461,1.43359375,-0.24609375,0.55078125
20481,1.50390625,-0.5078125,0.640625
20500,1.015625,-0.609375,0.453125
20520,-0.24609375,-0.21484375,-0.546875
20540,-0.85546875,0.72265625,-1.13671875
20560,-0.5,1.21875,-0.6171875
20581,-0.2265625,1.078125,-0.1328125
20601,0.01953125,0.95703125,0.0234375
20621,0.07421875,1.109375,-0.10546875
20641,-0.05859375,1.29296875,-0.1640625
20661,-0.09765625,1.19140625,-0.23828125
20682,-0.109375,1.00390625,-0.34765625
20700,-0.15234375,0.9453125,-0.41015625
20720,-0.12890625,1.03125,-0.3984375
20740,0.0078125,1.125,-0.34375
20760,0.203125,1.0546875,-0.26171875
20781,0.33984375,0.8359375,-0.14453125
20801,0.609375,0.24609375,0.1328125
20820,0.609375,0.24609375,0.1328125
20843,0.7109375,0.01171875,0.10546875
20860,0.859375,-0.203125,0.12109375
20881,1.28125,-0.4609375,0.46484375
20900,1.2421875,-0.46875,0.34375
20920,0.96484375,-0.3515625,0.14453125
20940,0.84375,-0.20703125,0.0390625
20960,0.8828125,-0.0390625,0.02734375
20980,0.9609375,0.046875,0.09765625
21000,1,0.07421875,0.1328125
21020,0.96875,0.05078125,0.1015625
21040,0.93359375,0.05078125,0.046875
21060,0.921875,0.0625,0.03515625
21081,0.9609375,0.0546875,0.07421875
21101,1.015625,0.03515625,0.12109375
21120,1.02734375,0.03515625,0.12109375
21140,1,0.0703125,0.09765625
21160,0.99609375,0.08984375,0.09375
21181,1.0078125,0.08984375,0.09765625
21200,1.02734375,0.09375,0.1171875
21220,1.02734375,0.07421875,0.109375
21241,1.02734375,0.046875,0.10546875
21260,1.015625,0.03125,0.08984375
21280,1,0.03515625,0.0703125
21300,1,0.05078125,0.06640625
21320,0.9921875,0.0546875,0.0625
21340,0.98828125,0.05859375,0.05859375
21360,0.984375,0.0546875,0.06640625
21381,0.98046875,0.05078125,0.06640625
21402,0.9765625,0.046875,0.0546875
21420,0.98828125,0.05078125,0.06640625
21440,1,0.0625,0.078125
21461,1.01953125,0.06640625,0.09375
21481,1.0078125,0.0625,0.0703125
21500,0.984375,0.078125,0.0546875
21520,0.96875,0.09375,0.04296875
21540,0.9765625,0.0859375,0.05078125
21560,0.99609375,0.0703125,0.0546875
21581,0.98828125,0.0703125,0.04296875
21600,0.9765625,0.08203125,0.03125
21620,0.97265625,0.0859375,0.03515625
21641,0.984375,0.078125,0.0390625
21661,0.99609375,0.06640625,0.046875
21682,0.99609375,0.06640625,0.0390625
21700,0.9921875,0.08203125,0.0390625
21720,0.98046875,0.0859375,0.0234375
21740,0.98828125,0.078125,0.01953125
21760,1.03125,0.07421875,0.0625
21780,1.01953125,0.0859375,0.046875
21802,0.9765625,0.09765625,-0.046875
21821,0.96875,0.09765625,-0.0546875
21840,0.98046875,0.08984375,-0.04296875
21861,0.9921875,0.08203125,-0.03515625
21880,0.98046875,0.0859375,-0.05078125
21901,0.97265625,0.09375,-0.05859375
21920,0.97265625,0.09375,-0.05859375
21940,0.98828125,0.08984375,-0.03515625
21960,1.00390625,0.08203125,-0.01953125
21981,0.99609375,0.0859375,-0.03125
22000,0.98828125,0.08984375,-0.03125
22020,0.984375,0.08984375,-0.03515625
22040,0.984375,0.08203125,-0.0234375
22060,1.00390625,0.06640625,-0.0078125
22080,1.00390625,0.05859375,-0.0078125
22100,0.98828125,0.0546875,-0.02734375
22120,0.984375,0.0546875,-0.02734375
22140,1.01171875,0.015625,-0.01953125
22160,1.140625,-0.1796875,0.0625
22181,1.26953125,-0.50390625,0.3671875
22202,1.01953125,-0.75390625,0.4375
22221,0.203125,-1.01171875,-0.28125
22241,-0.515625,0.2421875,-0.7734375
22261,-0.765625,2.11328125,0.03125
22280,-0.8515625,2.78515625,0.28515625
22301,-0.5703125,1.8125,-0.09375
22321,-0.0703125,0.69140625,-0.12890625
22341,0.28515625,0.43359375,-0.1328125
22360,0.2578125,0.62109375,-0.19140625
22380,0.11328125,0.77734375,-0.2890625
22400,-0.0390625,0.80859375,-0.265625
22420,-0.171875,1.05859375,-0.13671875
22440,-0.14453125,1.484375,0.0625
22461,0.0546875,1.65234375,0.21484375
22481,0.33984375,1.53515625,0.1953125
22500,0.51953125,1.19140625,0.26171875
22520,0.35546875,0.796875,0.10546875
22540,0.15234375,0.421875,-0.2421875
22560,0.52734375,-0.515625,-0.36328125
22580,1.03125,-0.84765625,0.05078125
22600,1.140625,-0.81640625,0.08203125
22620,0.9140625,-0.515625,-0.125
22640,0.86328125,-0.24609375,-0.18359375
22661,0.984375,-0.16015625,-0.12109375
22680,1.0234375,-0.0703125,-0.05859375
22700,0.9609375,0.05078125,-0.05859375
22720,0.8828125,0.203125,-0.15625
22740,0.86328125,0.24609375,-0.19140625
22760,0.95703125,0.14453125,-0.14453125
22781,1.02734375,0.015625,-0.05859375
22801,1.03125,-0.08203125,-0.01171875
22821,0.99609375,-0.0625,-0.0703125
22840,0.96484375,0.03125,-0.109375
22861,0.984375,0.08203125,-0.09765625
22882,1.015625,0.08203125,-0.05859375
22901,1.01953125,0.05859375,-0.02734375
22920,1,0.0390625,-0.05078125
22940,0.98828125,0.03125,-0.0703125
22960,0.99609375,0.01953125,-0.078125
22981,1.0078125,0.0078125,-0.0703125
23000,1.01171875,0.0078125,-0.05859375
23021,1.00390625,0.02734375,-0.05859375
23040,0.9921875,0.0703125,-0.05859375
23060,0.9921875,0.078125,-0.06640625
23081,1.00390625,0.046875,-0.05859375
23100,1,0.03125,-0.0546875
23120,1,0.02734375,-0.0546875
23141,0.984375,0.03125,-0.0703125
23160,0.9921875,0.0234375,-0.0625
23180,0.9921875,0.01171875,-0.0625
23200,0.9921875,0.015625,-0.0625
23220,0.98828125,0.03125,-0.0625
23240,0.98828125,0.03515625,-0.06640625
23261,0.98046875,0.0390625,-0.0703125
23280,0.98046875,0.04296875,-0.07421875
23300,0.9921875,0.046875,-0.0625
23320,1,0.05078125,-0.05859375
23340,1,0.046875,-0.04296875
23360,0.99609375,0.03125,-0.05859375
23381,0.99609375,0.02734375,-0.06640625
23400,1.00390625,0.03125,-0.05859375
23421,1.00390625,0.03125,-0.05078125
23443,0.99609375,0.04296875,-0.05859375
23461,0.99609375,0.04296875,-0.0625
23482,0.99609375,0.03515625,-0.0625
23500,1,0.01953125,-0.05859375
23520,1,0,-0.05859375
23540,1.0078125,-0.01171875,-0.06640625
23560,1,-0.09765625,-0.08984375
23580,1.0234375,-0.296875,-0.0703125
23600,1.0625,-0.49609375,0.03125
23620,0.9140625,-0.43359375,0.16796875
23642,0.4765625,-0.01953125,0.1640625
23661,-0.12890625,0.85546875,-0.49609375
23682,-0.05859375,1.56640625,-0.76171875
23700,-0.20703125,1.0546875,-0.41796875
23720,-0.41796875,0.546875,-0.29296875
23740,-0.234375,0.671875,-0.1796875
23760,-0.1328125,1.359375,-0.02734375
23780,-0.09765625,1.7421875,-0.015625
23801,-0.09765625,1.7421875,-0.015625
23821,0.0625,1.00390625,-0.10546875
23840,0.05078125,0.9765625,-0.16796875
23860,0.15625,1.31640625,-0.26171875
23881,0.32421875,1.3984375,-0.19921875
23901,0.41015625,1.12890625,-0.15234375
23920,0.28125,0.68359375,-0.13671875
23940,0.25,0.2421875,-0.17578125
23960,0.44921875,-0.015625,-0.29296875
23981,0.70703125,-0.234375,-0.1875
24000,0.99609375,-0.49609375,0.06640625
24020,1.08984375,-0.6640625,0.1953125
24041,0.99609375,-0.703125,0.08203125
24060,0.875,-0.625,-0.02734375
24082,0.859375,-0.4609375,-0.05859375
24100,0.87890625,-0.24609375,-0.0625
24121,0.9296875,-0.109375,-0.03515625
24141,0.984375,-0.0546875,-0.015625
24160,0.9609375,-0.07421875,-0.015625
24181,0.93359375,0.015625,-0.06640625
24200,0.93359375,0.015625,-0.06640625
24220,0.97265625,0.00390625,-0.0546875
24243,1.03515625,-0.13671875,0.00390625
24260,1.0234375,-0.140625,0
24280,1.0078125,-0.06640625,-0.01171875
24300,0.99609375,0,-0.03125
24320,1.01953125,0,-0.0234375
24340,1.03125,-0.05859375,0
24360,1.02734375,-0.125,-0.00390625
24380,1.00390625,-0.12890625,-0.02734375
24400,0.9765625,-0.08203125,-0.0546875
24421,0.98828125,-0.0625,-0.04296875
24440,0.99609375,-0.06640625,-0.0234375
24461,0.99609375,-0.078125,-0.01953125
24481,0.9921875,-0.0546875,-0.0234375
24501,0.98046875,-0.01953125,-0.03125
24520,0.98828125,-0.02734375,-0.0234375
24540,0.99609375,-0.05859375,-0.01953125
24561,0.9921875,-0.078125,-0.0234375
24580,0.98046875,-0.08203125,-0.03515625
24601,0.9765625,-0.0703125,-0.03125
24621,0.98046875,-0.0546875,-0.03515625
24641,0.98828125,-0.03515625,-0.03125
24660,0.9921875,-0.015625,-0.02734375
24681,0.98828125,-0.0078125,-0.03125
24701,0.98046875,-0.015625,-0.0390625
24720,0.98046875,-0.02734375,-0.04296875
24740,0.9921875,-0.03125,-0.03515625
24760,0.9921875,-0.02734375,-0.03125
24781,0.99609375,-0.02734375,-0.03125
24800,0.98828125,-0.02734375,-0.0390625
24821,0.98828125,-0.03515625,-0.0390625
24840,0.98828125,-0.05078125,-0.0390625
24860,0.9921875,-0.05078125,-0.0390625
24881,0.99609375,-0.03515625,-0.03125
24900,0.98828125,-0.03125,-0.03125
24920,0.98828125,-0.046875,-0.0390625
24940,0.98828125,-0.0625,-0.03515625
24960,0.98828125,-0.05859375,-0.03125
24981,0.98828125,-0.05078125,-0.03515625
25000,0.9921875,-0.046875,-0.03125
25021,0.98828125,-0.0390625,-0.03515625
25042,0.98828125,-0.03125,-0.03515625
25061,0.99609375,-0.03515625,-0.03125
25082,0.99609375,-0.0390625,-0.0234375
25100,0.9921875,-0.04296875,-0.0234375
25120,0.98828125,-0.05078125,-0.03515625
25140,0.98046875,-0.046875,-0.0390625
25160,0.97265625,-0.05078125,-0.0390625
25180,0.984375,-0.06640625,-0.03515625
25200,1.01171875,-0.078125,-0.02734375
25221,1.11328125,-0.13671875,-0.01171875
25240,1.34765625,-0.36328125,0.1640625
25260,1.375,-0.625,0.41796875
25281,1.0703125,-0.6171875,0.29296875
25300,0.34375,-0.34375,-0.26171875
25320,-0.5625,0.4765625,-1.0234375
25340,-0.79296875,1.390625,-0.78515625
25360,-0.58203125,1.67578125,-0.421875
25381,-0.34375,1.31640625,-0.26171875
25403,0.02734375,0.78515625,-0.22265625
25421,0.265625,0.7265625,-0.08203125
25441,0.234375,0.91015625,-0.08984375
25461,0.17578125,0.9921875,-0.1796875
25481,0.0859375,1.05078125,-0.296875
25500,-0.015625,1.10546875,-0.30078125
25521,0.02734375,1.1796875,-0.30078125
25540,0.19921875,1.20703125,-0.23046875
25560,0.40234375,0.98828125,-0.08984375
25581,0.41015625,0.7421875,-0.09765625
25603,0.46484375,0.46484375,-0.09765625
25621,0.6171875,0.171875,-0.171875
25640,0.79296875,-0.12890625,-0.1953125
25661,0.953125,-0.390625,-0.08203125
25680,0.953125,-0.390625,-0.08203125
25700,1.0390625,-0.52734375,-0.0546875
25722,0.98046875,-0.44140625,-0.09375
25740,0.9453125,-0.3046875,-0.15625
25760,0.953125,-0.16796875,-0.13671875
25781,0.9765625,-0.07421875,-0.1171875
25800,0.9921875,-0.05078125,-0.08984375
25821,0.98046875,-0.078125,-0.078125
25842,0.9453125,-0.03515625,-0.125
25861,0.9453125,-0.03515625,-0.125
25880,0.984375,-0.0390625,-0.08203125
25901,1.02734375,-0.1015625,-0.02734375
25920,0.99609375,-0.06640625,-0.0546875
25940,0.98046875,-0.015625,-0.07421875
25960,0.9921875,-0.015625,-0.0546875
25980,1.0078125,-0.05078125,-0.046875
26000,1.0078125,-0.08984375,-0.0390625
26020,0.98046875,-0.07421875,-0.06640625
26040,0.953125,-0.0390625,-0.0859375
26060,0.96484375,-0.03515625,-0.078125
26080,0.9765625,-0.04296875,-0.06640625
26100,0.97265625,-0.03125,-0.08203125
26121,0.96484375,-0.00390625,-0.078125
26140,0.953125,0.0234375,-0.09375
26160,0.97265625,0.00390625,-0.06640625
26181,0.99609375,-0.01953125,-0.05859375
26200,1.00390625,-0.01953125,-0.046875
26221,1.0078125,-0.0078125,-0.05078125
26240,1,0,-0.05859375
26260,0.99609375,0.00390625,-0.05859375
26281,0.99609375,-0.00390625,-0.0625
26301,1.00390625,0,-0.0546875
26320,0.99609375,0.0078125,-0.05859375
26340,0.98828125,0,-0.06640625
26361,0.9921875,-0.0234375,-0.06640625
26381,1,-0.03515625,-0.0625
26400,1.00390625,-0.03515625,-0.0546875
26422,1,-0.03125,-0.05078125
26440,1,-0.01953125,-0.046875
26460,1.01171875,-0.01171875,-0.046875
26481,1.00390625,-0.015625,-0.0546875
26502,0.99609375,-0.02734375,-0.05859375
26520,0.9921875,-0.046875,-0.05078125
26542,0.9921875,-0.0546875,-0.05078125
26561,0.9921875,-0.0390625,-0.0546875
26582,0.98828125,-0.0390625,-0.05078125
26600,0.98828125,-0.05859375,-0.04296875
26622,0.98828125,-0.0703125,-0.05078125
26640,0.98046875,-0.0546875,-0.05859375
26660,0.98046875,-0.04296875,-0.0546875
26680,1,-0.046875,-0.046875
26700,1.0546875,-0.078125,-0.03125
26721,1.1328125,-0.2734375,0.1015625
26740,1.09765625,-0.66796875,0.19921875
26760,0.9375,-1.04296875,0.01953125
26781,0.703125,-1.078125,-0.0234375
26800,-0.5078125,-0.25,-0.51953125
26820,-1.34765625,1.57421875,-0.6953125
26840,-0.90234375,2.640625,-0.31640625
26860,-0.765625,1.92578125,-0.33984375
26881,-0.19140625,0.66796875,-0.1796875
26901,0.18359375,0.46484375,-0.1015625
26920,0.1875,0.84375,-0.1953125
26943,0.2578125,1.00390625,-0.1484375
26961,0.171875,1.02734375,-0.18359375
26980,0.01171875,1.125,-0.22265625
27000,-0.0390625,1.27734375,-0.17578125
27021,0.08203125,1.34375,-0.1328125
27040,0.33203125,1.37109375,-0.078125
27060,0.48046875,1.31640625,-0.0390625
27081,0.47265625,0.94921875,-0.02734375
27101,0.34765625,0.4921875,-0.125
27120,0.25390625,0.0390625,-0.30859375
27140,0.48828125,-0.32421875,-0.3203125
27161,0.875,-0.5703125,-0.0703125
27180,1.109375,-0.67578125,0.15234375
27200,1.03125,-0.6328125,0.0703125
27223,0.90234375,-0.515625,-0.046875
27240,0.87109375,-0.3828125,-0.078125
27260,0.9296875,-0.25390625,-0.0625
27281,0.9609375,-0.17578125,-0.03515625
27302,0.9765625,-0.15234375,-0.0234375
27321,0.9375,-0.14453125,-0.05859375
27340,0.8984375,-0.0859375,-0.109375
27360,0.8984375,-0.03125,-0.109375
27380,0.94921875,-0.0625,-0.08203125
27400,1.00390625,-0.12890625,-0.0390625
27422,1.03125,-0.16796875,0
27440,1.00390625,-0.140625,-0.02734375
27460,0.97265625,-0.05859375,-0.0546875
27481,1,-0.03125,-0.05859375
27501,1.01953125,-0.0546875,-0.0390625
27520,1.015625,-0.09375,-0.02734375
27540,1.015625,-0.09375,-0.02734375
27560,0.98046875,-0.1484375,-0.06640625
27580,1.0078125,-0.11328125,-0.046875
27600,1.00390625,-0.09375,-0.0390625
27620,1.00390625,-0.09375,-0.0390625
27640,0.99609375,-0.05859375,-0.04296875
27660,0.98828125,-0.01171875,-0.046875
27680,0.98828125,0,-0.0390625
27700,0.99609375,-0.01953125,-0.0390625
27720,0.98828125,-0.05078125,-0.046875
27740,0.98828125,-0.0546875,-0.04296875
27761,0.97265625,-0.0390625,-0.05078125
27781,0.97265625,-0.0390625,-0.0625
27801,0.9765625,-0.03125,-0.05078125
27821,0.98828125,-0.015625,-0.05078125
27841,0.9765625,0.00390625,-0.046875
27860,0.97265625,0,-0.05859375
27881,0.9765625,-0.01171875,-0.0546875
27900,0.98828125,-0.01953125,-0.04296875
27921,0.98828125,-0.02734375,-0.04296875
27940,0.9921875,-0.0234375,-0.0390625
27960,0.98828125,-0.0234375,-0.0546875
27981,0.9921875,-0.0234375,-0.05078125
28000,0.9921875,-0.01953125,-0.05078125
28021,1,-0.03125,-0.05078125
28040,0.99609375,-0.03125,-0.04296875
28060,1,-0.02734375,-0.04296875
28081,1,-0.02734375,-0.0390625
28101,1.0234375,-0.02734375,-0.02734375
28121,1.05859375,-0.08203125,-0.00390625
28140,1.1171875,-0.21875,0.0625
28160,1.11328125,-0.48046875,0.140625
28181,1.0234375,-0.72265625,0.15234375
28200,0.85546875,-0.69140625,0.02734375
28222,0.04296875,-0.21484375,-0.2734375
28240,-0.8984375,1.03515625,-0.625
28260,-0.77734375,2.08984375,-0.453125
28280,-0.55078125,1.8828125,-0.42578125
28300,-0.34765625,0.87890625,-0.3359375
28321,-0.0703125,0.59765625,-0.203125
28341,0.00390625,1.0078125,-0.1953125
28361,0.0859375,1.2734375,-0.2265625
28382,0.1640625,1.1484375,-0.23828125
28400,0.1328125,0.93359375,-0.26953125
28421,0.0546875,0.97265625,-0.30859375
28440,0.01953125,1.22265625,-0.24609375
28460,0.16015625,1.44140625,-0.1875
28481,0.4140625,1.359375,-0.08984375
28501,0.3984375,1.015625,-0.140625
28520,0.3046875,0.5625,-0.1875
28543,0.27734375,0.1875,-0.26953125
28561,0.3828125,-0.125,-0.359375
28580,0.6484375,-0.36328125,-0.25390625
28600,1.0234375,-0.57421875,0.06640625
28623,1.15234375,-0.65625,0.17578125
28640,1.00390625,-0.58984375,0.015625
28660,0.8984375,-0.44140625,-0.06640625
28681,0.9375,-0.2890625,-0.0625
28701,0.984375,-0.1953125,-0.02734375
28721,0.9765625,-0.11328125,-0.0234375
28741,0.94921875,-0.03125,-0.046875
28761,0.921875,0.03125,-0.09375
28780,0.94140625,0.046875,-0.11328125
28800,0.98046875,0.01953125,-0.07421875
28821,1.01171875,-0.0390625,-0.03515625
28840,1.01171875,-0.07421875,-0.03125
28860,0.98828125,-0.01953125,-0.0625
28880,0.98828125,0.03125,-0.07421875
28901,1.0078125,0.03125,-0.0546875
28920,1.01171875,0.0078125,-0.046875
28940,1.01171875,-0.01171875,-0.04296875
28960,0.99609375,-0.01953125,-0.05859375
28981,0.99609375,-0.046875,-0.06640625
29000,1.00390625,-0.06640625,-0.0625
29020,1,-0.0703125,-0.05078125
29041,1,-0.046875,-0.04296875
29060,0.99609375,-0.00390625,-0.05859375
29081,0.99609375,0.015625,-0.05078125
29100,0.9921875,-0.00390625,-0.0546875
29121,0.984375,-0.015625,-0.0546875
29140,0.9921875,-0.01953125,-0.04296875
29161,0.98828125,-0.05078125,-0.05078125
29180,0.98828125,-0.05078125,-0.05078125
29200,0.9921875,-0.05078125,-0.046875
29220,0.98046875,-0.03125,-0.046875
29240,0.98828125,-0.04296875,-0.04296875
29260,0.984375,-0.03515625,-0.046875
29280,0.984375,-0.0078125,-0.05078125
29300,0.99609375,-0.0078125,-0.04296875
29320,0.99609375,-0.0234375,-0.0390625
29340,0.9921875,-0.02734375,-0.046875
29360,0.984375,-0.0234375,-0.0546875
29380,0.984375,-0.0234375,-0.0546875
29400,0.99609375,-0.03515625,-0.046875
29421,0.9921875,-0.03125,-0.046875
29441,0.984375,-0.01171875,-0.046875
29461,0.98828125,-0.01953125,-0.046875
29481,0.98828125,-0.03515625,-0.05078125
29500,0.98828125,-0.0390625,-0.046875
29521,0.98046875,-0.0390625,-0.0546875
29541,0.97265625,-0.03515625,-0.0625
29561,0.984375,-0.04296875,-0.05078125
29581,1.0234375,-0.03515625,-0.03515625
29601,1.13671875,-0.125,0.0703125
29621,1.21875,-0.37109375,0.2578125
29641,1.19140625,-0.68359375,0.23046875
29661,1.0390625,-0.8046875,0.10546875
29680,0.515625,-0.69140625,-0.0546875
29701,-0.828125,0.34375,-0.75390625
29720,-1.14453125,1.75390625,-0.71875
29740,-0.8984375,2.21875,-0.46875
29761,-0.69140625,1.5234375,-0.50390625
29782,-0.109375,0.62109375,-0.37109375
29800,0.2421875,0.40234375,-0.2265625
29820,0.26953125,0.65625,-0.32421875
29841,0.27734375,0.921875,-0.33203125
29862,0.2421875,0.99609375,-0.296875
29880,0.09765625,0.98828125,-0.30078125
29900,-0.05859375,1.0390625,-0.29296875
29920,-0.2109375,1.3046875,-0.33984375
29942,-0.16015625,1.5546875,-0.26953125
29960,0.10546875,1.5546875,-0.18359375
29980,0.36328125,1.1796875,-0.10546875
30000,0.32421875,0.79296875,-0.1328125
30020,0.1953125,0.4375,-0.20703125
30040,0.19921875,0.17578125,-0.4140625
30062,0.36328125,-0.171875,-0.453125
30081,0.76171875,-0.6015625,-0.08984375
30100,1.1171875,-0.8671875,0.23046875
30121,1.05859375,-0.9140625,0.06640625
30141,0.796875,-0.7421875,-0.15625
30161,0.7421875,-0.53125,-0.20703125
30180,0.88671875,-0.43359375,-0.125
30200,0.9921875,-0.375,-0.03125
30221,0.9453125,-0.2734375,-0.05078125
30240,0.84765625,-0.15234375,-0.140625
30262,0.82421875,-0.046875,-0.21484375
30281,0.87890625,-0.03515625,-0.17578125
30300,0.9765625,-0.08203125,-0.08203125
30321,1.02734375,-0.109375,-0.00390625
30342,0.99609375,-0.0546875,-0.0390625
30360,0.96875,0.03125,-0.08984375
30382,0.9765625,0.078125,-0.08203125
30401,1.02734375,0.0859375,-0.03125
30421,1.05078125,0.078125,0.015625
30441,1.0390625,0.06640625,-0.0078125
30463,1.00390625,0.078125,-0.04296875
30480,1.01953125,0.0546875,-0.046875
30500,1.0390625,0.015625,-0.02734375
30520,1.03515625,-0.00390625,-0.015625
30543,1.01953125,0,-0.0234375
30561,0.99609375,0.01953125,-0.046875
30582,0.99609375,0.02734375,-0.046875
30601,1.0078125,0.03515625,-0.0390625
30620,1.0078125,0.0390625,-0.02734375
30640,0.9921875,0.046875,-0.03125
30662,0.9765625,0.04296875,-0.05078125
30681,0.98828125,0.03125,-0.04296875
30700,0.9921875,0.02734375,-0.03125
30720,1,0.0234375,-0.02734375
30741,0.99609375,0.02734375,-0.03515625
30761,0.9921875,0.0390625,-0.0390625
30782,0.9921875,0.05078125,-0.04296875
30800,0.9921875,0.05078125,-0.04296875
30820,1.0078125,0.05078125,-0.03125
30840,1.01171875,0.046875,-0.02734375
30860,1,0.05078125,-0.0390625
30881,1.00390625,0.03125,-0.03515625
30900,1,0.0234375,-0.03515625
30920,1,0.01953125,-0.03125
30940,1,0.015625,-0.03515625
30960,0.99609375,0.015625,-0.0390625
30980,0.99609375,0.01171875,-0.04296875
31000,1,0.015625,-0.02734375
31020,0.99609375,0.02734375,-0.0234375
31040,0.984375,0.03125,-0.046875
31060,0.984375,0.03125,-0.046875
31081,1.015625,0.01953125,-0.0234375
31100,1.0859375,-0.1875,0.09765625
31120,0.97265625,-0.6796875,0.26171875
31141,0.7109375,-1.12890625,-0.08984375
31161,0.5703125,-1.1015625,-0.12109375
31181,-0.69921875,0.609375,-0.6171875
31200,-0.9609375,2.5625,0.109375
31220,-0.9609375,2.5625,0.109375
31240,-0.734375,1.046875,-0.7421875
31261,0.21484375,0,-0.15234375
31281,0.4375,0.1796875,-0.21875
31300,0.3359375,0.6015625,-0.3359375
31320,0.27734375,1.0234375,-0.24609375
31340,0.19140625,1.26953125,-0.1171875
31361,0.0546875,1.3828125,-0.17578125
31380,-0.0703125,1.38671875,-0.2421875
31400,0.03125,1.39453125,-0.203125
31420,0.2265625,1.29296875,-0.171875
31441,0.44140625,1.171875,-0.0625
31462,0.48046875,0.9765625,0.0078125
31480,0.34765625,0.72265625,-0.12890625
31500,0.2890625,0.33203125,-0.3515625
31520,0.55078125,-0.16015625,-0.265625
31541,0.9921875,-0.46875,0.0234375
31560,1.12890625,-0.5390625,0.125
31582,0.953125,-0.44921875,-0.01953125
31600,0.86328125,-0.3203125,-0.09765625
31620,0.9453125,-0.2265625,-0.05859375
31641,0.9921875,-0.16796875,-0.00390625
31662,0.9765625,-0.07421875,-0.01171875
31680,0.93359375,0,-0.06640625
31700,0.9375,0.01953125,-0.08203125
31721,0.96484375,0.00390625,-0.06640625
31741,0.98828125,-0.0234375,-0.03515625
31760,0.99609375,-0.03515625,-0.02734375
31780,0.9921875,-0.0234375,-0.046875
31800,1,0.015625,-0.0546875
31821,0.99609375,0.05078125,-0.0546875
31841,0.99609375,0.0625,-0.05078125
31861,1.00390625,0.05859375,-0.046875
31880,1,0.03125,-0.0546875
31900,1.00390625,0.00390625,-0.05078125
31921,0.98828125,-0.01171875,-0.05859375
31941,0.984375,-0.015625,-0.0625
31961,0.98828125,-0.015625,-0.0546875
31980,0.98828125,-0.015625,-0.05859375
32001,0.9921875,-0.02734375,-0.046875
32022,0.98828125,-0.02734375,-0.04296875
32040,0.984375,-0.015625,-0.046875
32060,0.984375,0.01171875,-0.05078125
32081,0.99609375,0,-0.046875
32101,1.00390625,-0.015625,-0.03125
32121,1,-0.03515625,-0.03125
32141,0.98828125,-0.05078125,-0.046875
32161,0.97265625,-0.03125,-0.0625
32180,0.984375,-0.01171875,-0.046875
32200,1,-0.00390625,-0.03515625
32222,1,0.00390625,-0.03515625
32240,1,0.015625,-0.046875
32263,0.98828125,0.0234375,-0.0546875
32281,0.984375,-0.0078125,-0.05078125
32300,0.99609375,-0.03515625,-0.04296875
32320,0.99609375,-0.02734375,-0.0390625
32342,0.99609375,0.00390625,-0.04296875
32360,0.99609375,0.00390625,-0.04296875
32381,0.9921875,-0.00390625,-0.04296875
32401,0.98828125,-0.01171875,-0.04296875
32420,0.98046875,-0.01171875,-0.05078125
32440,0.9765625,-0.0078125,-0.046875
32461,0.9921875,-0.0234375,-0.0390625
32480,0.9921875,-0.0234375,-0.0390625
32501,1.1640625,-0.2890625,0.16796875
32520,1.1640625,-0.2890625,0.16796875
32540,0.85546875,-0.62109375,0.125
32560,0.52734375,-0.609375,-0.20703125
32582,-0.09375,0.09765625,-0.515625
32600,-0.69921875,1.40234375,-0.4296875
32620,-0.6875,2.28125,-0.21875
32640,-0.6953125,1.88671875,-0.47265625
32660,-0.3671875,0.94140625,-0.59375
32680,0.1171875,0.5078125,-0.375
32700,0.20703125,0.5546875,-0.40234375
32721,0.14453125,0.7578125,-0.45703125
32741,0.0703125,1.0390625,-0.375
32761,0.0078125,1.375,-0.30078125
32780,0.05859375,1.49609375,-0.19921875
32800,0.28515625,1.34765625,-0.15625
32820,0.45703125,1.0625,-0.10546875
32841,0.38671875,0.84375,-0.1953125
32861,0.26171875,0.546875,-0.28125
32881,0.2578125,0.171875,-0.35546875
32901,0.515625,-0.18359375,-0.265625
32920,0.88671875,-0.453125,0.0390625
32941,1.0859375,-0.62109375,0.2265625
32961,1.0546875,-0.6015625,0.109375
32982,0.921875,-0.4375,0.02734375
33001,0.91796875,-0.28515625,0.0078125
33021,0.98046875,-0.25,0.0546875
33040,1.0078125,-0.265625,0.0625
33060,0.97265625,-0.23046875,0.0078125
33081,0.921875,-0.171875,-0.04296875
33100,0.92578125,-0.1171875,-0.05859375
33120,0.92578125,-0.1171875,-0.05859375
33142,0.9921875,-0.1796875,-0.0078125
33160,1.01953125,-0.23046875,0.0078125
33181,1,-0.23046875,-0.015625
33200,0.9921875,-0.17578125,-0.03125
33221,1,-0.1171875,-0.01171875
33241,1.015625,-0.109375,0.0078125
33262,1.01953125,-0.1484375,0.01171875
33280,1.0078125,-0.17578125,-0.0078125
33300,0.984375,-0.16015625,-0.01953125
33321,0.96875,-0.13671875,-0.03125
33340,0.98046875,-0.15234375,-0.015625
33360,1.00390625,-0.171875,-0.015625
33382,1.00390625,-0.171875,-0.00390625
33401,0.98046875,-0.13671875,-0.01171875
33422,0.98046875,-0.11328125,-0.0078125
33440,0.99609375,-0.11328125,-0.00390625
33463,1.00390625,-0.109375,0.00390625
33481,0.9921875,-0.1015625,-0.00390625
33501,0.98046875,-0.11328125,-0.0078125
33520,0.98046875,-0.125,-0.015625
33540,0.984375,-0.12109375,-0.01953125
33561,0.9765625,-0.1015625,-0.015625
33580,0.97265625,-0.10546875,-0.0234375
33600,0.97265625,-0.09765625,-0.02734375
33620,0.97265625,-0.078125,-0.03125
33641,0.97265625,-0.04296875,-0.02734375
33660,0.97265625,-0.03515625,-0.0234375
33681,0.97265625,-0.0546875,-0.02734375
33701,0.9765625,-0.09375,-0.02734375
33721,0.984375,-0.10546875,-0.015625
33742,0.99609375,-0.09375,-0.00390625
33760,0.98828125,-0.1015625,-0.01171875
33781,0.98046875,-0.125,-0.0234375
33801,0.99609375,-0.15234375,-0.0234375
33820,1.1015625,-0.33984375,0.04296875
33840,1.18359375,-0.765625,0.31640625
33863,0.78515625,-1.1875,0.28515625
33881,0.4296875,-1.60546875,-0.12890625
33900,-0.18359375,-0.6796875,-0.375
33920,-1.27734375,1.8203125,0.02734375
33943,-1.5859375,3.8671875,0.3671875
33960,-1.42578125,2.53125,-0.5703125
33982,-0.65234375,0.6328125,-0.484375
34001,0.109375,0.12109375,-0.23046875
34021,0.32421875,0.33984375,-0.39453125
34040,0.23046875,0.65234375,-0.34765625
34060,0.1328125,0.9921875,-0.26953125
34080,0.16015625,1.28515625,-0.16015625
34100,0.22265625,1.265625,-0.046875
34121,0.34375,1.05859375,-0.015625
34141,0.42578125,0.91015625,0.01171875
34161,0.58203125,0.625,0
34182,0.57421875,0.28515625,-0.11328125
34200,0.6484375,-0.1015625,-0.078125
34220,0.87890625,-0.47265625,0.08984375
34240,1.0703125,-0.6875,0.16796875
34260,1.03515625,-0.65625,0.11328125
34280,0.9296875,-0.453125,0.03125
34301,0.91015625,-0.2578125,0.0234375
34320,0.9765625,-0.19921875,0.06640625
34340,1.0078125,-0.1953125,0.1015625
34360,0.97265625,-0.1484375,0.0546875
34382,0.91015625,-0.03515625,-0.00390625
34400,0.9140625,0.00390625,-0.00390625
34420,0.94921875,-0.0546875,0.04296875
34441,1,-0.11328125,0.08203125
34461,1.0234375,-0.12109375,0.1015625
34481,1,-0.06640625,0.0703125
34500,0.99609375,-0.0390625,0.05078125
34521,1.0078125,-0.05859375,0.0703125
34541,1.015625,-0.08984375,0.078125
34561,1.02734375,-0.09765625,0.08203125
34580,1.00390625,-0.09765625,0.0703125
34601,1.00390625,-0.12890625,0.0546875
34621,0.99609375,-0.15234375,0.05078125
34641,0.9921875,-0.1328125,0.05078125
34661,0.9921875,-0.1015625,0.046875
34680,0.9921875,-0.078125,0.05078125
34701,0.9921875,-0.06640625,0.04296875
34720,0.984375,-0.0546875,0.0390625
34741,0.98046875,-0.03515625,0.0390625
34761,0.97265625,-0.05078125,0.03515625
34781,0.9765625,-0.0625,0.02734375
34800,0.984375,-0.04296875,0.0390625
34821,0.98828125,-0.02734375,0.04296875
34841,0.984375,-0.04296875,0.0390625
34860,0.984375,-0.05859375,0.0390625
34880,0.984375,-0.0546875,0.04296875
34900,0.984375,-0.02734375,0.03515625
34920,0.98046875,-0.00390625,0.0234375
34941,0.984375,-0.00390625,0.01953125
34960,0.9765625,-0.01171875,0.02734375
34982,0.9765625,-0.01171875,0.02734375
35001,0.99609375,-0.046875,0.05078125
35021,1.10546875,-0.10546875,0.09765625
35041,1.3359375,-0.390625,0.35546875
35061,1.421875,-0.9296875,0.6484375
35080,0.84375,-1.2109375,0.26171875
35101,-0.33203125,-0.66796875,-0.671875
35120,-1.21484375,1.09375,-1.0234375
35140,-0.8359375,2.38671875,-0.29296875
35160,-0.58203125,2.0078125,-0.1875
35180,-0.3828125,0.83203125,-0.359375
35201,-0.04296875,0.37890625,-0.40625
35222,0.20703125,0.62890625,-0.21875
35240,0.20703125,0.9375,-0.19140625
35262,0.1015625,1.265625,-0.234375
35280,0.12109375,1.34765625,-0.234375
35300,0.2109375,1.15625,-0.17578125
35320,0.27734375,0.921875,-0.05859375
35342,0.41015625,0.75390625,-0.07421875
35360,0.5625,0.57421875,-0.1015625
35380,0.71875,0.34765625,-0.046875
35400,0.90234375,0.12890625,0.02734375
35422,1.04296875,-0.0078125,0.09765625
35440,1.06640625,-0.08203125,0.09765625
35462,1.00390625,0.0390625,0.01953125
35480,0.9296875,0.20703125,-0.01953125
35500,0.921875,0.30859375,-0.00390625
35521,0.93359375,0.33984375,0.0234375
35540,0.9375,0.328125,0.0234375
35561,0.9140625,0.30078125,-0.01171875
35582,0.89453125,0.28125,-0.04296875
35601,0.921875,0.26953125,-0.03125
35622,0.953125,0.24609375,-0.00390625
35640,0.97265625,0.203125,0.02734375
35662,0.98828125,0.19140625,0.03515625
35681,0.9609375,0.234375,0.015625
35700,0.9609375,0.26171875,0.0078125
35721,0.98046875,0.2109375,0.01953125
35741,0.9921875,0.13671875,0.02734375
35760,1.00390625,0.08203125,0.03125
35780,0.9921875,0.0625,0.0234375
35800,1.00390625,0.03515625,0.03125
35820,1.01171875,0.0078125,0.04296875
35840,1.0078125,0.00390625,0.03515625
35860,0.9765625,0.046875,0.0078125
35880,0.96875,0.08203125,0
35900,0.98828125,0.0859375,0.015625
35920,0.9921875,0.08203125,0.02734375
35940,0.984375,0.0859375,0.01953125
35960,0.98046875,0.0859375,0.01953125
35980,0.98828125,0.078125,0.015625
36000,1,0.08203125,0.03125
36021,0.9921875,0.1015625,0.02734375
36041,0.98828125,0.109375,0.0234375
36060,0.9921875,0.08984375,0.01953125
36081,0.9921875,0.078125,0.01171875
36100,0.98828125,0.07421875,0.01953125
36121,0.9921875,0.07421875,0.01953125
36141,0.9921875,0.078125,0.0234375
36161,1.0078125,0.07421875,0.02734375
36182,1.0078125,0.07421875,0.0234375
36200,0.99609375,0.078125,0.0234375
36221,0.99609375,0.0546875,0.01953125
36240,1.01953125,0.0234375,0.0390625
36261,1.03125,-0.01953125,0.05859375
36281,1.00390625,-0.25390625,0.1015625
36300,0.9921875,-0.8359375,0.09375
36320,1.10546875,-1.26171875,0.30078125
36342,0.51171875,-1.21875,0.265625
36361,-1.17578125,0.3203125,-0.453125
36381,-1.35546875,2.38671875,-0.19921875
36400,-0.92578125,2.3359375,-0.0625
36422,-0.765625,0.66796875,-0.12890625
36440,-0.421875,0.390625,-0.51171875
36462,-0.3046875,1.17578125,-0.34765625
36481,-0.328125,1.59375,-0.31640625
36501,-0.546875,1.7265625,-0.44140625
36520,-0.50390625,1.796875,-0.37890625
36542,-0.26953125,1.64453125,-0.25390625
36561,0.04296875,1.234375,-0.1171875
36581,0.19921875,0.87109375,-0.06640625
36601,0.23046875,0.53515625,-0.06640625
36622,0.31640625,0.05078125,-0.125
36641,0.48828125,-0.37890625,-0.1015625
36662,0.765625,-0.65234375,0.15625
36680,1.1640625,-0.796875,0.40625
36700,1.15625,-0.76171875,0.2578125
36720,0.8046875,-0.4609375,0.0703125
36740,0.734375,-0.078125,0.0546875
36760,0.80078125,0.203125,0.07421875
36780,0.8515625,0.2890625,0.08203125
36800,0.859375,0.29296875,0.05078125
36821,0.859375,0.29296875,0.05078125
36840,0.8671875,0.2578125,0.0234375
36862,0.90625,0.23046875,0.0625
36881,0.95703125,0.16015625,0.10546875
36900,1.01171875,0.0703125,0.12890625
36921,1.0234375,0.05078125,0.1171875
36943,1.0078125,0.09375,0.09375
36961,1.01953125,0.1328125,0.1015625
36981,1.03515625,0.11328125,0.12890625
37001,1.05078125,0.05859375,0.14453125
37022,1.03125,0.03515625,0.1015625
37040,1.02734375,0.04296875,0.10546875
37062,1.046875,0.04296875,0.12109375
37080,1.046875,0.0234375,0.13671875
37100,1.03515625,-0.02734375,0.14453125
37121,1.015625,-0.0390625,0.12109375
37142,1.00390625,0.01171875,0.109375
37161,1.0078125,0.05078125,0.12890625
37180,1.0078125,0.046875,0.13671875
37201,1.00390625,0.01953125,0.13671875
37221,0.98828125,0.0078125,0.1328125
37241,0.9921875,0,0.13671875
37262,1,-0.015625,0.15234375
37282,0.99609375,-0.046875,0.13671875
37303,0.96484375,-0.04296875,0.109375
37322,0.96484375,-0.04296875,0.109375
37341,0.99609375,-0.00390625,0.125
37362,1.21875,-0.21484375,0.3828125
37382,1.171875,-0.9296875,0.52734375
37401,1.171875,-0.9296875,0.52734375
37421,1.16015625,-1.5546875,0.55078125
37440,0.2734375,-1.66796875,0.28515625
37461,-1.83984375,2.5,-0.0703125
37482,-1.83984375,2.5,-0.0703125
37500,-1.00390625,1.65234375,-0.203125
37520,-0.5859375,0.50390625,-0.46484375
37540,-0.29296875,0.7421875,-0.5078125
37560,-0.13671875,1.25390625,-0.43359375
37580,0.06640625,1.421875,-0.28125
37600,0.18359375,0.96875,0.06640625
37620,0.3671875,0.32421875,0.109375
37640,0.6015625,-0.1015625,0.06640625
37661,0.86328125,-0.296875,0.109375
37682,1.2265625,-0.515625,0.3515625
37700,1.29296875,-0.515625,0.4453125
37721,1.1796875,-0.44921875,0.34375
37741,0.921875,-0.24609375,0.140625
37762,0.84375,0.01171875,0.1171875
37781,0.9375,0.0859375,0.171875
37800,0.99609375,0.05078125,0.2109375
37821,0.96484375,-0.046875,0.171875
37840,0.8515625,-0.05078125,0.0703125
37861,0.7890625,-0.01171875,0.01171875
37881,0.85546875,0.0234375,0.0625
37901,0.93359375,-0.0234375,0.12109375
37921,0.98046875,-0.1484375,0.171875
37941,0.953125,-0.17578125,0.1015625
37961,0.90625,-0.09765625,0.0625
37981,0.953125,0,0.1015625
38000,0.9921875,0,0.1484375
38020,1.01171875,-0.06640625,0.17578125
38042,1.03125,-0.11328125,0.14453125
38060,1.01171875,-0.09375,0.125
38080,1.00390625,-0.07421875,0.125
38100,1.00390625,-0.0703125,0.12890625
38121,0.99609375,-0.0625,0.125
38141,0.9921875,-0.03125,0.109375
38162,0.98828125,-0.01171875,0.11328125
38180,0.9921875,-0.015625,0.13671875
38201,1.02734375,-0.03515625,0.15234375
38220,1.15234375,-0.11328125,0.26953125
38242,1.421875,-0.4609375,0.51953125
38260,1.140625,-1.19921875,0.48828125
38280,1.10546875,-1.87109375,0.5625
38300,0.37109375,-1.8203125,0.3984375
38321,-1.69921875,0.046875,-0.69921875
38341,-2.25390625,2.81640625,-0.00390625
38362,-1.96484375,3.49609375,-0.48828125
38380,-1.37109375,1.4765625,-0.6875
38400,-0.65625,0.24609375,-0.5703125
38421,-0.30078125,0.3359375,-0.50390625
38441,-0.04296875,0.66015625,-0.28125
38460,0.2265625,0.9296875,-0.06640625
38482,0.5,0.62109375,0.18359375
38501,0.8671875,0.05078125,0.203125
38521,0.78515625,-0.2421875,0.12890625
38541,0.82421875,-0.4765625,0.12890625
38562,1.16015625,-0.640625,0.38671875
38580,1.42578125,-0.61328125,0.64453125
38600,1.2109375,-0.5,0.51953125
38620,0.921875,-0.29296875,0.26953125
38641,0.84765625,-0.046875,0.15234375
38660,0.89453125,0.1640625,0.18359375
38680,0.94921875,0.24609375,0.25
38700,0.9296875,0.234375,0.2109375
38722,0.875,0.20703125,0.1171875
38741,0.875,0.20703125,0.1171875
38760,0.90234375,0.13671875,0.140625
38781,0.984375,0.0390625,0.203125
38800,0.9921875,-0.04296875,0.203125
38820,0.9765625,-0.03515625,0.1640625
38843,0.95703125,0.0390625,0.15234375
38861,0.96484375,0.09375,0.1640625
38881,0.98828125,0.08203125,0.17578125
38900,1.01171875,0.03125,0.18359375
38921,1.01171875,0.0078125,0.17578125
38941,0.98828125,0.03125,0.16796875
38962,0.99609375,0.046875,0.1640625
38981,0.99609375,0.0390625,0.171875
39001,1.00390625,0.03515625,0.16796875
39021,0.99609375,0.0546875,0.1640625
39041,1.00390625,0.0546875,0.18359375
39061,1.01171875,0.046875,0.1796875
39080,1.00390625,0.0390625,0.1796875
39100,0.98828125,0.03125,0.16796875
39120,0.98046875,0.0234375,0.1640625
39140,1,0.03125,0.18359375
39160,1.0078125,0.01171875,0.19140625
39180,1.01953125,-0.03515625,0.21484375
39200,1.1640625,-0.1484375,0.359375
39220,1.45703125,-0.671875,0.64453125
39240,0.92578125,-1.92578125,0.5625
39260,0.99609375,-2.79296875,0.7265625
39282,-0.75,-1.76171875,0.3203125
39300,-2.6484375,1.78515625,0.05859375
39320,-2.83984375,4.59765625,0.12109375
39341,-2.234375,2.546875,-0.49609375
39361,-1.30859375,0.26171875,-0.4921875
39381,-0.515625,-0.05859375,-0.64453125
39400,-0.20703125,0.546875,-0.54296875
39420,0.046875,1.08984375,-0.3203125
39441,0.29296875,1.1015625,-0.02734375
39461,0.4453125,0.61328125,0.26171875
39481,0.64453125,0.0859375,0.296875
39500,0.71875,-0.21484375,0.203125
39520,0.8046875,-0.41015625,0.07421875
39541,1.09765625,-0.46875,0.23828125
39560,1.28515625,-0.42578125,0.48046875
39580,1.3125,-0.359375,0.53125
39600,1.0546875,-0.23828125,0.30078125
39620,0.89453125,-0.04296875,0.171875
39641,0.90234375,0.12890625,0.17578125
39661,0.9609375,0.1796875,0.21484375
39680,1.00390625,0.11328125,0.21484375
39700,0.96875,0.0390625,0.16015625
39721,0.88671875,0.01953125,0.09765625
39741,0.8671875,0.01171875,0.09375
39762,0.91796875,0.00390625,0.12109375
39780,0.95703125,-0.03125,0.15625
39800,0.96875,-0.03125,0.15625
39821,0.97265625,0.01953125,0.1484375
39840,0.98828125,0.046875,0.16015625
39860,1.00390625,0.0546875,0.171875
39880,0.99609375,0.02734375,0.171875
39900,1,-0.00390625,0.16015625
39922,1.00390625,-0.015625,0.1484375
39941,1.015625,0.00390625,0.16015625
39962,1.0078125,0.0234375,0.17578125
39980,0.98046875,0.0078125,0.1640625
40000,0.98046875,-0.015625,0.14453125
40020,1.09375,-0.0234375,0.23828125
40042,1.578125,-0.28515625,0.640625
40060,1.4453125,-1.37109375,1.05859375
40081,1.0859375,-2.859375,1.015625
40101,0.015625,-3.6484375,0.5546875
40121,-2.6484375,-0.3671875,-0.6171875
40140,-3.28125,3.73046875,0.6953125
40162,-2.32421875,4.4765625,0.2890625
40180,-1.69140625,1.140625,-0.140625
40200,-0.44140625,-0.19140625,-0.3515625
40220,-0.015625,0.34375,-0.5546875
40241,-0.1015625,1.23046875,-0.609375
40260,-0.12109375,1.58984375,-0.39453125
40280,0.09765625,1.1796875,0.01953125
40301,0.2265625,0.515625,0.125
40321,0.2734375,0.05078125,-0.0546875
40340,0.30859375,-0.24609375,-0.19140625
40362,0.59765625,-0.515625,-0.01171875
40380,1.08984375,-0.58203125,0.39453125
40400,1.51953125,-0.578125,0.80078125
40420,1.203125,-0.55078125,0.56640625
40440,0.87109375,-0.3046875,0.296875
40461,0.83203125,0.0625,0.2109375
40480,0.87109375,0.296875,0.24609375
40500,0.9375,0.2890625,0.24609375
40521,0.98828125,0.1875,0.23046875
40541,0.921875,0.16796875,0.15234375
40560,0.86328125,0.17578125,0.1171875
40580,0.90234375,0.16796875,0.1484375
40600,0.90234375,0.16796875,0.1484375
40621,1.01171875,0.03515625,0.22265625
40641,1,0.05078125,0.18359375
40660,0.97265625,0.12109375,0.1796875
40682,1.01171875,0.1640625,0.21484375
40701,1.01171875,0.1640625,0.21484375
40721,1.0078125,0.06640625,0.171875
40741,0.99609375,0.0625,0.16796875
40760,1,0.07421875,0.1875
40780,1.00390625,0.06640625,0.19140625
40800,0.99609375,0.0625,0.17578125
40820,0.95703125,0.09375,0.12890625
40840,0.95703125,0.109375,0.14453125
40860,0.96484375,0.10546875,0.16015625
40880,0.96875,0.08203125,0.171875
40900,0.98046875,0.0546875,0.18359375
40920,0.98046875,0.05859375,0.1796875
40940,0.97265625,0.078125,0.1796875
40960,0.97265625,0.07421875,0.18359375
40981,0.96875,0.07421875,0.16796875
41000,0.95703125,0.09375,0.15625
41021,0.96875,0.10546875,0.1640625
41040,1.13671875,0.1015625,0.3046875
41060,1.51171875,-0.203125,0.703125
41082,1.30859375,-0.9609375,0.87109375
41100,1.23046875,-1.77734375,0.6796875
41121,0.6171875,-2.17578125,0.46875
41140,-1.55078125,-0.3671875,-0.765625
41160,-2.3984375,2.1328125,-0.29296875
41180,-2.00390625,3.2890625,-0.41796875
41200,-1.58203125,1.7578125,-0.5625
41221,-0.91015625,0.67578125,-0.4140625
41241,-0.56640625,0.91796875,-0.55078125
41261,-0.4375,1.41796875,-0.57421875
41282,-0.31640625,1.4140625,-0.20703125
41300,-0.109375,0.71484375,0.2265625
41321,0.00390625,-0.265625,0.13671875
41341,0.05078125,-0.91015625,-0.109375
41362,0.109375,-1.4765625,-0.12109375
41380,1.046875,-1.3359375,0.51953125
41400,1.6171875,-1,1.18359375
41421,1.61328125,-0.8984375,1.16796875
41441,0.98046875,-0.7734375,0.734375
41460,0.63671875,-0.44921875,0.4765625
41482,0.57421875,-0.01171875,0.25
41501,0.65625,0.30859375,0.234375
41521,0.8359375,0.36328125,0.296875
41541,0.90234375,0.23046875,0.30859375
41563,0.87109375,0.1171875,0.21875
41580,0.8125,0.125,0.1796875
41600,0.8359375,0.12109375,0.22265625
41621,0.92578125,0.04296875,0.28125
41640,1.01953125,-0.08984375,0.34375
41660,1.02734375,-0.1640625,0.328125
41682,0.984375,-0.08984375,0.2890625
41700,0.98828125,0.0390625,0.30859375
41721,1.00390625,0.078125,0.31640625
41740,1.01953125,0.0078125,0.3125
41761,1.04296875,-0.0859375,0.29296875
41780,1.0234375,-0.08984375,0.26171875
41800,1,-0.01171875,0.27734375
41821,0.99609375,0.03125,0.29296875
41840,0.98828125,0.015625,0.27734375
41860,1.01171875,-0.0078125,0.2578125
41881,1.01953125,0.015625,0.26171875
41900,0.99609375,0.05078125,0.28515625
41921,0.9765625,0.04296875,0.28515625
41940,0.9609375,0.00390625,0.2578125
41960,0.96875,-0.0234375,0.25390625
41981,0.9765625,-0.04296875,0.2578125
42000,0.9765625,-0.03515625,0.265625
42020,0.9609375,-0.01953125,0.25390625
42043,0.9375,-0.00390625,0.234375
42060,0.93359375,0.01953125,0.2109375
42080,0.94140625,0.04296875,0.2109375
42100,0.95703125,0.04296875,0.2265625
42121,0.97265625,0.02734375,0.24609375
42141,0.96875,0.01171875,0.23828125
42161,0.94921875,0.01171875,0.21875
42180,0.9453125,0.01953125,0.21484375
42200,0.96484375,0.01953125,0.2265625
42221,0.9921875,0.01953125,0.23828125
42241,1.00390625,0.01953125,0.2421875
42260,0.98828125,0.01171875,0.2421875
42280,0.984375,-0.00390625,0.234375
42300,0.98828125,0,0.23046875
42320,0.984375,0.015625,0.21484375
42341,0.9921875,0.02734375,0.2265625
42360,0.99609375,0.02734375,0.23046875
42381,0.984375,0.02734375,0.2265625
42400,0.96875,0.03515625,0.21875
42420,0.96875,0.03515625,0.21875
42440,0.9765625,0.01171875,0.22265625
42460,0.98828125,0.015625,0.23046875
42480,0.9921875,0.01171875,0.23828125
42500,0.98046875,0.0078125,0.23828125
42520,0.9765625,0.00390625,0.22265625
42540,0.96875,0.02734375,0.2109375
42560,0.9765625,0.05078125,0.2109375
42581,0.984375,0.046875,0.22265625
42600,0.99609375,0.03125,0.2421875
42621,1.0078125,0.01953125,0.2578125
42641,1,0.03125,0.24609375
42660,0.984375,0.04296875,0.23046875
42681,0.98046875,0.02734375,0.2265625
42701,0.98046875,0,0.21875
42721,0.9921875,0.015625,0.234375
42740,1,0.02734375,0.23828125
42760,1,0.015625,0.25
42780,0.98828125,-0.00390625,0.24609375
42800,0.9765625,-0.0078125,0.22265625
42820,0.96875,0.01171875,0.21484375
42840,0.9765625,0.05078125,0.2109375